[{"model": "sites.site", "pk": 1, "fields": {"domain": "example.com", "name": "example.com"}}, {"model": "contenttypes.contenttype", "pk": 1, "fields": {"model": "logentry", "app_label": "admin"}}, {"model": "contenttypes.contenttype", "pk": 2, "fields": {"model": "permission", "app_label": "auth"}}, {"model": "contenttypes.contenttype", "pk": 3, "fields": {"model": "group", "app_label": "auth"}}, {"model": "contenttypes.contenttype", "pk": 4, "fields": {"model": "user", "app_label": "auth"}}, {"model": "contenttypes.contenttype", "pk": 5, "fields": {"model": "contenttype", "app_label": "contenttypes"}}, {"model": "contenttypes.contenttype", "pk": 6, "fields": {"model": "session", "app_label": "sessions"}}, {"model": "contenttypes.contenttype", "pk": 7, "fields": {"model": "registrationprofile", "app_label": "registration"}}, {"model": "contenttypes.contenttype", "pk": 8, "fields": {"model": "patient", "app_label": "patients"}}, {"model": "contenttypes.contenttype", "pk": 10, "fields": {"model": "medicalbackgroundchoice", "app_label": "patients"}}, {"model": "contenttypes.contenttype", "pk": 11, "fields": {"model": "allergy", "app_label": "patients"}}, {"model": "contenttypes.contenttype", "pk": 12, "fields": {"model": "appointment", "app_label": "appointments"}}, {"model": "contenttypes.contenttype", "pk": 13, "fields": {"model": "healthcondition", "app_label": "appointments"}}, {"model": "contenttypes.contenttype", "pk": 14, "fields": {"model": "site", "app_label": "sites"}}, {"model": "contenttypes.contenttype", "pk": 15, "fields": {"model": "notification", "app_label": "notifications"}}, {"model": "contenttypes.contenttype", "pk": 16, "fields": {"model": "emergency", "app_label": "appointments"}}, {"model": "contenttypes.contenttype", "pk": 17, "fields": {"model": "medication", "app_label": "prescriptions"}}, {"model": "contenttypes.contenttype", "pk": 18, "fields": {"model": "prescription", "app_label": "prescriptions"}}, {"model": "contenttypes.contenttype", "pk": 19, "fields": {"model": "labtest", "app_label": "labreports"}}, {"model": "contenttypes.contenttype", "pk": 20, "fields": {"model": "labreport", "app_label": "labreports"}}, {"model": "contenttypes.contenttype", "pk": 21, "fields": {"model": "record", "app_label": "records"}}, {"model": "sessions.session", "pk": "2q8lo5vbuhw2hg14jsrccxhux4ery2an", "fields": {"expire_date": "2015-11-16T00:12:30.810Z", "session_data": "MDY4OTAwNDJhYjU3ZDA4ZjExNDcxOTQ0MjA5YzA1MWM3ODM1ZGE0Yzp7Il9hdXRoX3VzZXJfYmFja2VuZCI6ImRqYW5nby5jb250cmliLmF1dGguYmFja2VuZHMuTW9kZWxCYWNrZW5kIiwiX2F1dGhfdXNlcl9oYXNoIjoiZTI1OTcyNzQ4NGViYzAzOWZhOGY5MmZmMjMyMWI5MmQxMjBiNjhlMCIsIl9hdXRoX3VzZXJfaWQiOiIxIn0="}}, {"model": "sessions.session", "pk": "4tv6w4lprjp6r4lr9b3feq82dlrnz5t8", "fields": {"expire_date": "2015-11-09T17:14:46.130Z", "session_data": "OGQwY2VjMTg4NTVkYzM0ZWM0NjMyNWRkMDUyNGZlYjJiODllOGNhNDp7Il9hdXRoX3VzZXJfYmFja2VuZCI6ImRqYW5nby5jb250cmliLmF1dGguYmFja2VuZHMuTW9kZWxCYWNrZW5kIiwiX2F1dGhfdXNlcl9pZCI6IjEiLCJfYXV0aF91c2VyX2hhc2giOiJlMjU5NzI3NDg0ZWJjMDM5ZmE4ZjkyZmYyMzIxYjkyZDEyMGI2OGUwIn0="}}, {"model": "sessions.session", "pk": "uqbm3e2uidgf7o2eol30wiruqcpxjn01", "fields": {"expire_date": "2015-11-14T00:07:07.980Z", "session_data": "MTgyZThhMWNjODY4MjUxYzAzMTMyMzQyZGUxNDI3Mzg2NzQ3NDg5Mjp7Il9hdXRoX3VzZXJfaWQiOiIxIiwiX2F1dGhfdXNlcl9iYWNrZW5kIjoiZGphbmdvLmNvbnRyaWIuYXV0aC5iYWNrZW5kcy5Nb2RlbEJhY2tlbmQiLCJfYXV0aF91c2VyX2hhc2giOiJlMjU5NzI3NDg0ZWJjMDM5ZmE4ZjkyZmYyMzIxYjkyZDEyMGI2OGUwIn0="}}, {"model": "patients.medicalbackgroundchoice", "pk": 1, "fields": {"description": "Heart/Chest pain"}}, {"model": "patients.medicalbackgroundchoice", "pk": 2, "fields": {"description": "Heart Disease"}}, {"model": "patients.medicalbackgroundchoice", "pk": 3, "fields": {"description": "Stroke"}}, {"model": "patients.medicalbackgroundchoice", "pk": 4, "fields": {"description": "Diabetes"}}, {"model": "patients.medicalbackgroundchoice", "pk": 5, "fields": {"description": "History of drug abuse"}}, {"model": "patients.medicalbackgroundchoice", "pk": 6, "fields": {"description": "Tuberculosis"}}, {"model": "patients.medicalbackgroundchoice", "pk": 7, "fields": {"description": "Headaches"}}, {"model": "patients.medicalbackgroundchoice", "pk": 8, "fields": {"description": "Anemia"}}, {"model": "patients.medicalbackgroundchoice", "pk": 9, "fields": {"description": "Fainting/Dizziness"}}, {"model": "patients.medicalbackgroundchoice", "pk": 10, "fields": {"description": "Thyroid problems"}}, {"model": "patients.allergy", "pk": 1, "fields": {"description": "Acetaminophen"}}, {"model": "patients.allergy", "pk": 2, "fields": {"description": "Penicillin"}}, {"model": "patients.allergy", "pk": 3, "fields": {"description": "Sulfa"}}, {"model": "patients.allergy", "pk": 4, "fields": {"description": "Codeine"}}, {"model": "patients.allergy", "pk": 5, "fields": {"description": "Vicoden"}}, {"model": "patients.allergy", "pk": 6, "fields": {"description": "Latex"}}, {"model": "patients.allergy", "pk": 7, "fields": {"description": "Epinephrin"}}, {"model": "patients.patient", "pk": 1, "fields": {"email": "john.doe@hotmail.com", "sex": "m", "dob": "1980-01-11", "health_insurance_provider": "Blue Cross / Blue Shield", "zip_code": 85310, "insomnia_level": "0", "nausea_level": "0", "address": "1234 W Fake St", "state": "AZ", "abdominal_pain_level": "0", "sore_throat_level": "0", "medical_background_information": [], "headache_level": "0", "health_insurance_id": "XBH156511185", "phone_number": "555-555-5555", "allergies": [], "profile_picture": "", "first_name": "John", "constipation_level": "0", "city": "Glendale", "sleepiness_level": "0", "ethnicity": "as", "last_name": "Doe", "ssn": "000-00-0001", "lack_of_appetite_level": "0"}}, {"model": "patients.patient", "pk": 2, "fields": {"email": "fake@faketyfakefake.io", "sex": "f", "dob": "1965-12-11", "health_insurance_provider": "Blue Cross / Blue Shield", "zip_code": 85310, "insomnia_level": "0", "nausea_level": "0", "address": "1234 W Fake St", "state": "AZ", "abdominal_pain_level": "0", "sore_throat_level": "0", "medical_background_information": [], "headache_level": "0", "health_insurance_id": "XBH48912614", "phone_number": "555-555-5555", "allergies": [], "profile_picture": "", "first_name": "Mary", "constipation_level": "0", "city": "Glendale", "sleepiness_level": "0", "ethnicity": "as", "last_name": "Doe", "ssn": "000-00-0002", "lack_of_appetite_level": "0"}}, {"model": "patients.patient", "pk": 4, "fields": {"email": "willsmith@yahoo.com", "sex": "m", "dob": "1950-02-19", "health_insurance_provider": "Aetna", "zip_code": 78941, "insomnia_level": "3", "nausea_level": "5", "address": "7458 E Crest Lan", "state": "AK", "abdominal_pain_level": "0", "sore_throat_level": "5", "medical_background_information": [1, 5, 8, 9], "headache_level": "5", "health_insurance_id": "XBH78945 4841-22", "phone_number": "456-789-1145", "allergies": [6], "profile_picture": "images/MTE4MDAzNDEwNzQzMTY2NDc4.jpg", "first_name": "Will", "constipation_level": "0", "city": "Tempe", "sleepiness_level": "5", "ethnicity": "o", "last_name": "Smith", "ssn": "111-11-1111", "lack_of_appetite_level": "0"}}, {"model": "patients.patient", "pk": 5, "fields": {"email": "moonwalking4life@imstillalive.com", "sex": "m", "dob": "1958-08-29", "health_insurance_provider": "Humana", "zip_code": 93441, "insomnia_level": "5", "nausea_level": "5", "address": "5225 Figueroa Mountain Road", "state": "CA", "abdominal_pain_level": "5", "sore_throat_level": "5", "medical_background_information": [1, 2, 5], "headache_level": "5", "health_insurance_id": "IDKMYBFFJILL", "phone_number": "555-777-4444", "allergies": [1], "profile_picture": "images/michael_jackson_300x400.jpg", "first_name": "Michael", "constipation_level": "5", "city": "Los Olivos", "sleepiness_level": "2", "ethnicity": "o", "last_name": "Jackson", "ssn": "444-44-4444", "lack_of_appetite_level": "2"}}, {"model": "patients.patient", "pk": 7, "fields": {"email": "Barack.Obama@whitehouse.gov", "sex": "m", "dob": "1961-08-04", "health_insurance_provider": "Federal Employees Health Benefits Program", "zip_code": 20500, "insomnia_level": "4", "nausea_level": "0", "address": "1600 Pennsylvania Ave NW", "state": "DC", "abdominal_pain_level": "0", "sore_throat_level": "5", "medical_background_information": [2, 9, 10], "headache_level": "5", "health_insurance_id": "SDH 48156148", "phone_number": "202-456-1111", "allergies": [6], "profile_picture": "", "first_name": "Barack", "constipation_level": "5", "city": "Washington", "sleepiness_level": "3", "ethnicity": "o", "last_name": "Obama", "ssn": "601-88-4059", "lack_of_appetite_level": "5"}}, {"model": "patients.patient", "pk": 8, "fields": {"email": "didntexistin1929@google.com", "sex": "m", "dob": "1929-01-15", "health_insurance_provider": "Blue Cross Blue Shield", "zip_code": 30312, "insomnia_level": "5", "nausea_level": "5", "address": "501 Auburn Ave", "state": "GA", "abdominal_pain_level": "0", "sore_throat_level": "5", "medical_background_information": [], "headache_level": "4", "health_insurance_id": "XQQ 123AB4567", "phone_number": "555-555-1111", "allergies": [1, 6], "profile_picture": "", "first_name": "Martin", "constipation_level": "5", "city": "Atlanta", "sleepiness_level": "5", "ethnicity": "o", "last_name": "King", "ssn": "201-77-8888", "lack_of_appetite_level": "5"}}, {"model": "patients.patient", "pk": 9, "fields": {"email": "rick.sanchez@aa.org", "sex": "m", "dob": "1964-11-12", "health_insurance_provider": "Multiverse Health Co", "zip_code": 85310, "insomnia_level": "5", "nausea_level": "5", "address": "1234 W Fake St", "state": "AZ", "abdominal_pain_level": "5", "sore_throat_level": "5", "medical_background_information": [1, 2, 3, 4, 7, 8], "headache_level": "5", "health_insurance_id": "ZSH23-429d1243", "phone_number": "555-666-5453", "allergies": [4, 5, 6, 7], "profile_picture": "images/Hahaisaythatallthetime_406a982d46ccc523799e6aef45080387.png", "first_name": "Rick", "constipation_level": "5", "city": "Glendale", "sleepiness_level": "5", "ethnicity": "wh", "last_name": "Sanchez", "ssn": "888-88-8888", "lack_of_appetite_level": "5"}}, {"model": "patients.patient", "pk": 10, "fields": {"email": "bob.saget@gmail.com", "sex": "m", "dob": "1900-01-01", "health_insurance_provider": "Aetna", "zip_code": 33114, "insomnia_level": "0", "nausea_level": "0", "address": "1234 W Fake St", "state": "FL", "abdominal_pain_level": "0", "sore_throat_level": "0", "medical_background_information": [7, 9], "headache_level": "0", "health_insurance_id": "1122334454", "phone_number": "151-456-4444", "allergies": [3], "profile_picture": "", "first_name": "Bob", "constipation_level": "0", "city": "Miami", "sleepiness_level": "0", "ethnicity": "wh", "last_name": "Saget", "ssn": "111-11-1111", "lack_of_appetite_level": "0"}}, {"model": "patients.patient", "pk": 11, "fields": {"email": "morty@gmail.com", "sex": "m", "dob": "2001-03-15", "health_insurance_provider": "Fake Insurance", "zip_code": 85281, "insomnia_level": "0", "nausea_level": "5", "address": "1234 W Fake St", "state": "AZ", "abdominal_pain_level": "5", "sore_throat_level": "0", "medical_background_information": [5, 6], "headache_level": "5", "health_insurance_id": "FK1112221", "phone_number": "555-555-5555", "allergies": [2], "profile_picture": "images/morty.png", "first_name": "Morty", "constipation_level": "0", "city": "Tempe", "sleepiness_level": "5", "ethnicity": "wh", "last_name": "Smith", "ssn": "555-55-5555", "lack_of_appetite_level": "0"}}, {"model": "patients.patient", "pk": 12, "fields": {"email": "summer.smith@gmail.com", "sex": "f", "dob": "1998-01-13", "health_insurance_provider": "Multiverse Health Co", "zip_code": 85310, "insomnia_level": "0", "nausea_level": "0", "address": "1234 W Fake St", "state": "AZ", "abdominal_pain_level": "0", "sore_throat_level": "0", "medical_background_information": [9], "headache_level": "0", "health_insurance_id": "ZSH23-4456DF8A", "phone_number": "555-748-6954", "allergies": [], "profile_picture": "images/summer_smith_oo6CwHc.jpg", "first_name": "Summer", "constipation_level": "0", "city": "Glendale", "sleepiness_level": "0", "ethnicity": "wh", "last_name": "Smith", "ssn": "111-44-666", "lack_of_appetite_level": "0"}}, {"model": "patients.patient", "pk": 13, "fields": {"email": "Jerry.Smith@gmail.com", "sex": "m", "dob": "1980-08-28", "health_insurance_provider": "Multiverse Health Co", "zip_code": 85310, "insomnia_level": "0", "nausea_level": "0", "address": "1234 W Fake St", "state": "AZ", "abdominal_pain_level": "0", "sore_throat_level": "0", "medical_background_information": [1, 7, 9], "headache_level": "0", "health_insurance_id": "ZSH23-429456484", "phone_number": "555-784-8444", "allergies": [3, 4], "profile_picture": "images/Jerry_Smith.jpg", "first_name": "Jerry", "constipation_level": "0", "city": "Glendale", "sleepiness_level": "0", "ethnicity": "wh", "last_name": "Smith", "ssn": "101-22-1548", "lack_of_appetite_level": "0"}}, {"model": "prescriptions.medication", "pk": 1, "fields": {"name": "Hydrocodone"}}, {"model": "prescriptions.medication", "pk": 2, "fields": {"name": "Prilosec"}}, {"model": "prescriptions.medication", "pk": 3, "fields": {"name": "Amoxicillin"}}, {"model": "prescriptions.medication", "pk": 4, "fields": {"name": "Amphetamine Salts"}}, {"model": "prescriptions.medication", "pk": 5, "fields": {"name": "Zoloft"}}, {"model": "prescriptions.medication", "pk": 6, "fields": {"name": "Lithium"}}, {"model": "labreports.labtest", "pk": 1, "fields": {"name": "Amylase"}}, {"model": "labreports.labtest", "pk": 2, "fields": {"name": "ANA"}}, {"model": "labreports.labtest", "pk": 3, "fields": {"name": "aPTT (PTT)"}}, {"model": "labreports.labtest", "pk": 4, "fields": {"name": "Hemoglobin A1C"}}, {"model": "labreports.labtest", "pk": 5, "fields": {"name": "Glycohemoglobin"}}, {"model": "labreports.labtest", "pk": 6, "fields": {"name": "Basic Metabolic Panel (BMP)"}}, {"model": "labreports.labtest", "pk": 7, "fields": {"name": "Complete Blood Count (CBC)"}}, {"model": "labreports.labtest", "pk": 8, "fields": {"name": "Comprehensive Metabolic Panel (CMP)"}}, {"model": "labreports.labtest", "pk": 9, "fields": {"name": "Electrolyte Panel"}}, {"model": "labreports.labtest", "pk": 10, "fields": {"name": "Sedimentation Rate (ESR)"}}, {"model": "labreports.labtest", "pk": 11, "fields": {"name": "Flu Tests"}}, {"model": "labreports.labtest", "pk": 12, "fields": {"name": "Glucose"}}, {"model": "labreports.labtest", "pk": 13, "fields": {"name": "hCG"}}, {"model": "labreports.labtest", "pk": 14, "fields": {"name": "HIV Antibody"}}, {"model": "labreports.labtest", "pk": 15, "fields": {"name": "Lipid Profile"}}, {"model": "labreports.labtest", "pk": 16, "fields": {"name": "Liver Function Panel"}}, {"model": "labreports.labtest", "pk": 17, "fields": {"name": "Lyme Disease"}}, {"model": "labreports.labtest", "pk": 18, "fields": {"name": "Microalbumin"}}, {"model": "labreports.labtest", "pk": 19, "fields": {"name": "Mono"}}, {"model": "labreports.labtest", "pk": 20, "fields": {"name": "Pap Smear"}}, {"model": "labreports.labtest", "pk": 21, "fields": {"name": "Prostate Specific Antigen (PSA)"}}, {"model": "labreports.labtest", "pk": 22, "fields": {"name": "Protime (PT)"}}, {"model": "labreports.labtest", "pk": 23, "fields": {"name": "Thyroid Stimulating Hormone (TSH)"}}, {"model": "labreports.labtest", "pk": 24, "fields": {"name": "Thyroxine (T4)"}}, {"model": "labreports.labtest", "pk": 25, "fields": {"name": "Uric Acid"}}, {"model": "labreports.labtest", "pk": 26, "fields": {"name": "Urinalysis"}}, {"model": "auth.permission", "pk": 1, "fields": {"codename": "add_logentry", "content_type": 1, "name": "Can add log entry"}}, {"model": "auth.permission", "pk": 2, "fields": {"codename": "change_logentry", "content_type": 1, "name": "Can change log entry"}}, {"model": "auth.permission", "pk": 3, "fields": {"codename": "delete_logentry", "content_type": 1, "name": "Can delete log entry"}}, {"model": "auth.permission", "pk": 4, "fields": {"codename": "add_permission", "content_type": 2, "name": "Can add permission"}}, {"model": "auth.permission", "pk": 5, "fields": {"codename": "change_permission", "content_type": 2, "name": "Can change permission"}}, {"model": "auth.permission", "pk": 6, "fields": {"codename": "delete_permission", "content_type": 2, "name": "Can delete permission"}}, {"model": "auth.permission", "pk": 7, "fields": {"codename": "add_group", "content_type": 3, "name": "Can add group"}}, {"model": "auth.permission", "pk": 8, "fields": {"codename": "change_group", "content_type": 3, "name": "Can change group"}}, {"model": "auth.permission", "pk": 9, "fields": {"codename": "delete_group", "content_type": 3, "name": "Can delete group"}}, {"model": "auth.permission", "pk": 10, "fields": {"codename": "add_user", "content_type": 4, "name": "Can add user"}}, {"model": "auth.permission", "pk": 11, "fields": {"codename": "change_user", "content_type": 4, "name": "Can change user"}}, {"model": "auth.permission", "pk": 12, "fields": {"codename": "delete_user", "content_type": 4, "name": "Can delete user"}}, {"model": "auth.permission", "pk": 13, "fields": {"codename": "add_contenttype", "content_type": 5, "name": "Can add content type"}}, {"model": "auth.permission", "pk": 14, "fields": {"codename": "change_contenttype", "content_type": 5, "name": "Can change content type"}}, {"model": "auth.permission", "pk": 15, "fields": {"codename": "delete_contenttype", "content_type": 5, "name": "Can delete content type"}}, {"model": "auth.permission", "pk": 16, "fields": {"codename": "add_session", "content_type": 6, "name": "Can add session"}}, {"model": "auth.permission", "pk": 17, "fields": {"codename": "change_session", "content_type": 6, "name": "Can change session"}}, {"model": "auth.permission", "pk": 18, "fields": {"codename": "delete_session", "content_type": 6, "name": "Can delete session"}}, {"model": "auth.permission", "pk": 19, "fields": {"codename": "add_registrationprofile", "content_type": 7, "name": "Can add registration profile"}}, {"model": "auth.permission", "pk": 20, "fields": {"codename": "change_registrationprofile", "content_type": 7, "name": "Can change registration profile"}}, {"model": "auth.permission", "pk": 21, "fields": {"codename": "delete_registrationprofile", "content_type": 7, "name": "Can delete registration profile"}}, {"model": "auth.permission", "pk": 22, "fields": {"codename": "add_patient", "content_type": 8, "name": "Can add patient"}}, {"model": "auth.permission", "pk": 23, "fields": {"codename": "change_patient", "content_type": 8, "name": "Can change patient"}}, {"model": "auth.permission", "pk": 24, "fields": {"codename": "delete_patient", "content_type": 8, "name": "Can delete patient"}}, {"model": "auth.permission", "pk": 28, "fields": {"codename": "add_medicalbackgroundchoice", "content_type": 10, "name": "Can add medical background choice"}}, {"model": "auth.permission", "pk": 29, "fields": {"codename": "change_medicalbackgroundchoice", "content_type": 10, "name": "Can change medical background choice"}}, {"model": "auth.permission", "pk": 30, "fields": {"codename": "delete_medicalbackgroundchoice", "content_type": 10, "name": "Can delete medical background choice"}}, {"model": "auth.permission", "pk": 31, "fields": {"codename": "add_allergy", "content_type": 11, "name": "Can add allergy"}}, {"model": "auth.permission", "pk": 32, "fields": {"codename": "change_allergy", "content_type": 11, "name": "Can change allergy"}}, {"model": "auth.permission", "pk": 33, "fields": {"codename": "delete_allergy", "content_type": 11, "name": "Can delete allergy"}}, {"model": "auth.permission", "pk": 34, "fields": {"codename": "add_appointment", "content_type": 12, "name": "Can add appointment"}}, {"model": "auth.permission", "pk": 35, "fields": {"codename": "change_appointment", "content_type": 12, "name": "Can change appointment"}}, {"model": "auth.permission", "pk": 36, "fields": {"codename": "delete_appointment", "content_type": 12, "name": "Can delete appointment"}}, {"model": "auth.permission", "pk": 37, "fields": {"codename": "add_healthcondition", "content_type": 13, "name": "Can add health condition"}}, {"model": "auth.permission", "pk": 38, "fields": {"codename": "change_healthcondition", "content_type": 13, "name": "Can change health condition"}}, {"model": "auth.permission", "pk": 39, "fields": {"codename": "delete_healthcondition", "content_type": 13, "name": "Can delete health condition"}}, {"model": "auth.permission", "pk": 40, "fields": {"codename": "add_site", "content_type": 14, "name": "Can add site"}}, {"model": "auth.permission", "pk": 41, "fields": {"codename": "change_site", "content_type": 14, "name": "Can change site"}}, {"model": "auth.permission", "pk": 42, "fields": {"codename": "delete_site", "content_type": 14, "name": "Can delete site"}}, {"model": "auth.permission", "pk": 43, "fields": {"codename": "add_notification", "content_type": 15, "name": "Can add notification"}}, {"model": "auth.permission", "pk": 44, "fields": {"codename": "change_notification", "content_type": 15, "name": "Can change notification"}}, {"model": "auth.permission", "pk": 45, "fields": {"codename": "delete_notification", "content_type": 15, "name": "Can delete notification"}}, {"model": "auth.permission", "pk": 46, "fields": {"codename": "add_emergency", "content_type": 16, "name": "Can add emergency"}}, {"model": "auth.permission", "pk": 47, "fields": {"codename": "change_emergency", "content_type": 16, "name": "Can change emergency"}}, {"model": "auth.permission", "pk": 48, "fields": {"codename": "delete_emergency", "content_type": 16, "name": "Can delete emergency"}}, {"model": "auth.permission", "pk": 49, "fields": {"codename": "add_medication", "content_type": 17, "name": "Can add medication"}}, {"model": "auth.permission", "pk": 50, "fields": {"codename": "change_medication", "content_type": 17, "name": "Can change medication"}}, {"model": "auth.permission", "pk": 51, "fields": {"codename": "delete_medication", "content_type": 17, "name": "Can delete medication"}}, {"model": "auth.permission", "pk": 52, "fields": {"codename": "add_prescription", "content_type": 18, "name": "Can add prescription"}}, {"model": "auth.permission", "pk": 53, "fields": {"codename": "change_prescription", "content_type": 18, "name": "Can change prescription"}}, {"model": "auth.permission", "pk": 54, "fields": {"codename": "delete_prescription", "content_type": 18, "name": "Can delete prescription"}}, {"model": "auth.permission", "pk": 55, "fields": {"codename": "add_labtest", "content_type": 19, "name": "Can add lab test"}}, {"model": "auth.permission", "pk": 56, "fields": {"codename": "change_labtest", "content_type": 19, "name": "Can change lab test"}}, {"model": "auth.permission", "pk": 57, "fields": {"codename": "delete_labtest", "content_type": 19, "name": "Can delete lab test"}}, {"model": "auth.permission", "pk": 58, "fields": {"codename": "add_labreport", "content_type": 20, "name": "Can add lab report"}}, {"model": "auth.permission", "pk": 59, "fields": {"codename": "change_labreport", "content_type": 20, "name": "Can change lab report"}}, {"model": "auth.permission", "pk": 60, "fields": {"codename": "delete_labreport", "content_type": 20, "name": "Can delete lab report"}}, {"model": "auth.permission", "pk": 61, "fields": {"codename": "add_record", "content_type": 21, "name": "Can add record"}}, {"model": "auth.permission", "pk": 62, "fields": {"codename": "change_record", "content_type": 21, "name": "Can change record"}}, {"model": "auth.permission", "pk": 63, "fields": {"codename": "delete_record", "content_type": 21, "name": "Can delete record"}}, {"model": "auth.user", "pk": 1, "fields": {"last_login": "2015-11-02T00:12:30.806Z", "email": "addudley@asu.edu", "is_staff": true, "first_name": "", "is_active": true, "is_superuser": true, "groups": [], "user_permissions": [], "password": "pbkdf2_sha256$20000$jxqzALybDzpp$5+u3S5LUdIRWLOBpAfvm6kyiSfmNYvJBQTuWI988WLc=", "date_joined": "2015-10-10T15:42:19.040Z", "last_name": "", "username": "admin"}}, {"model": "auth.user", "pk": 2, "fields": {"last_login": "2015-10-31T07:43:58.045Z", "email": "", "is_staff": true, "first_name": "Shreyas", "is_active": true, "is_superuser": false, "groups": [], "user_permissions": [], "password": "pbkdf2_sha256$20000$qLMtn0FiGA8f$lU6d0MqmqBrRrGFWV8MAgLWZIq+P2ScztUvbHJOHnLI=", "date_joined": "2015-10-11T19:54:48Z", "last_name": "Sharma", "username": "Shreyas"}}, {"model": "auth.user", "pk": 3, "fields": {"last_login": null, "email": "", "is_staff": false, "first_name": "Tik", "is_active": true, "is_superuser": false, "groups": [], "user_permissions": [], "password": "pbkdf2_sha256$20000$oNXkWEtjpx1l$CiXD296eNOrw8H16tjSO/WOy2jRSkgmfZlyG+Om5+os=", "date_joined": "2015-10-11T19:55:25Z", "last_name": "Aw", "username": "Tik"}}, {"model": "auth.user", "pk": 4, "fields": {"last_login": null, "email": "", "is_staff": true, "first_name": "Ming", "is_active": true, "is_superuser": false, "groups": [], "user_permissions": [], "password": "pbkdf2_sha256$20000$NV0gWo52rMgE$g7TksNwi7NQmzrekGmu5jqLjH7buRxXXoQkSwhdXlp0=", "date_joined": "2015-10-11T19:55:50Z", "last_name": "Ngu", "username": "Ming"}}, {"model": "auth.user", "pk": 5, "fields": {"last_login": null, "email": "", "is_staff": true, "first_name": "Josh", "is_active": true, "is_superuser": false, "groups": [], "user_permissions": [], "password": "pbkdf2_sha256$20000$XIbIiK3uYvZk$JxIb5FJMu2qxF22CtxEmPlQf8cHkYR8et7hzYXQwgA8=", "date_joined": "2015-10-11T19:56:08Z", "last_name": "Lincoln", "username": "Josh"}}, {"model": "auth.user", "pk": 6, "fields": {"last_login": null, "email": "", "is_staff": true, "first_name": "Kai", "is_active": true, "is_superuser": false, "groups": [], "user_permissions": [], "password": "pbkdf2_sha256$20000$LHX7KE4GYQ5k$XN6vml03KgdGJ9buEsWMhWw8r2ajVAkIs+I06VWac4c=", "date_joined": "2015-10-11T19:56:36Z", "last_name": "Deng", "username": "Kai"}}, {"model": "auth.user", "pk": 7, "fields": {"last_login": null, "email": "", "is_staff": false, "first_name": "Bill", "is_active": true, "is_superuser": false, "groups": [], "user_permissions": [], "password": "pbkdf2_sha256$20000$fufJsBkFepzo$mJnhnTgf5q0W5BoOn7qsZd7Q49WxJQbm5XqabtvyeQg=", "date_joined": "2015-10-11T19:56:58Z", "last_name": "Carlisle", "username": "Bill"}}, {"model": "auth.user", "pk": 8, "fields": {"last_login": null, "email": "", "is_staff": false, "first_name": "Naser", "is_active": true, "is_superuser": false, "groups": [], "user_permissions": [], "password": "pbkdf2_sha256$20000$b63pNAZergHk$PM/KN0C6eYA+i1cKmE8uiAJIakYF5sFfQREcHbkg23E=", "date_joined": "2015-10-11T19:57:32Z", "last_name": "Al Junaibi", "username": "Naser"}}, {"model": "auth.user", "pk": 9, "fields": {"last_login": null, "email": "", "is_staff": true, "first_name": "Abduljeed", "is_active": true, "is_superuser": false, "groups": [], "user_permissions": [], "password": "pbkdf2_sha256$20000$gEgU8gr8N8zK$3tlJbG9vMd30ikfISU1wpYE0r5/7+A4w5k1FbTuSVU4=", "date_joined": "2015-10-11T19:58:36Z", "last_name": "Mudarres", "username": "Abdulmajeed"}}, {"model": "auth.user", "pk": 10, "fields": {"last_login": null, "email": "", "is_staff": true, "first_name": "Gabe", "is_active": true, "is_superuser": false, "groups": [], "user_permissions": [], "password": "pbkdf2_sha256$20000$5I0rALZH2vTY$aSuO8+PZTtIAVNSjYQc1m68rKwkEl4vX+shxK8JB7ds=", "date_joined": "2015-10-11T19:59:15Z", "last_name": "Saba", "username": "Gabe"}}, {"model": "auth.user", "pk": 11, "fields": {"last_login": null, "email": "", "is_staff": true, "first_name": "Andy", "is_active": true, "is_superuser": false, "groups": [], "user_permissions": [], "password": "pbkdf2_sha256$20000$VQO8EOBxHgbI$khlKVoVYm2nbJAk1S33RQKgqY98GeqIvCg+UfAyz7jI=", "date_joined": "2015-10-11T20:00:07Z", "last_name": "Dudley", "username": "Andy"}}, {"model": "appointments.appointment", "pk": 12, "fields": {"doctor": 11, "date": "2015-10-27T00:00:00Z", "patient": 1, "health_condition": 4}}, {"model": "appointments.appointment", "pk": 13, "fields": {"doctor": 11, "date": "2015-10-30T19:00:00Z", "patient": 1, "health_condition": 9}}, {"model": "appointments.appointment", "pk": 14, "fields": {"doctor": 11, "date": "2015-03-12T18:00:00Z", "patient": 9, "health_condition": 9}}, {"model": "appointments.appointment", "pk": 20, "fields": {"doctor": 3, "date": "2015-10-27T01:29:10Z", "patient": 9, "health_condition": 9}}, {"model": "appointments.appointment", "pk": 21, "fields": {"doctor": 11, "date": "2015-10-27T09:17:56Z", "patient": 9, "health_condition": 5}}, {"model": "appointments.appointment", "pk": 22, "fields": {"doctor": 5, "date": "2015-10-27T09:20:17Z", "patient": 11, "health_condition": 5}}, {"model": "appointments.appointment", "pk": 24, "fields": {"doctor": 8, "date": "2015-10-28T23:12:04Z", "patient": 11, "health_condition": 6}}, {"model": "appointments.appointment", "pk": 25, "fields": {"doctor": 11, "date": "2015-10-31T07:32:08Z", "patient": 9, "health_condition": 4}}, {"model": "appointments.appointment", "pk": 26, "fields": {"doctor": 3, "date": "2015-10-31T07:42:12Z", "patient": 4, "health_condition": 4}}, {"model": "appointments.appointment", "pk": 27, "fields": {"doctor": 7, "date": "2015-10-31T07:44:06Z", "patient": 4, "health_condition": 8}}, {"model": "appointments.appointment", "pk": 28, "fields": {"doctor": 11, "date": "2015-10-31T07:44:24Z", "patient": 4, "health_condition": 5}}, {"model": "appointments.emergency", "pk": 1, "fields": {"doctor": 10, "patient": 2, "health_condition": 4}}, {"model": "appointments.emergency", "pk": 2, "fields": {"doctor": 10, "patient": 2, "health_condition": 4}}, {"model": "appointments.emergency", "pk": 3, "fields": {"doctor": 10, "patient": 2, "health_condition": 4}}, {"model": "appointments.emergency", "pk": 4, "fields": {"doctor": 6, "patient": 2, "health_condition": 4}}, {"model": "appointments.emergency", "pk": 5, "fields": {"doctor": 6, "patient": 2, "health_condition": 4}}, {"model": "appointments.emergency", "pk": 6, "fields": {"doctor": 6, "patient": 2, "health_condition": 4}}, {"model": "appointments.emergency", "pk": 7, "fields": {"doctor": 6, "patient": 2, "health_condition": 4}}, {"model": "appointments.emergency", "pk": 8, "fields": {"doctor": 8, "patient": 5, "health_condition": 2}}, {"model": "appointments.emergency", "pk": 9, "fields": {"doctor": 4, "patient": 5, "health_condition": 5}}, {"model": "appointments.healthcondition", "pk": 1, "fields": {"description": "condition_1", "doctors": [11]}}, {"model": "appointments.healthcondition", "pk": 2, "fields": {"description": "condition_2", "doctors": [2, 4]}}, {"model": "appointments.healthcondition", "pk": 3, "fields": {"description": "condition_3", "doctors": [2, 4]}}, {"model": "appointments.healthcondition", "pk": 4, "fields": {"description": "condition_4", "doctors": [3, 5]}}, {"model": "appointments.healthcondition", "pk": 5, "fields": {"description": "condition_5", "doctors": [3, 5]}}, {"model": "appointments.healthcondition", "pk": 6, "fields": {"description": "condition_6", "doctors": [6]}}, {"model": "appointments.healthcondition", "pk": 7, "fields": {"description": "condition_7", "doctors": [6, 7]}}, {"model": "appointments.healthcondition", "pk": 8, "fields": {"description": "condition_8", "doctors": [6, 7]}}, {"model": "appointments.healthcondition", "pk": 9, "fields": {"description": "condition_9", "doctors": [7]}}, {"model": "appointments.healthcondition", "pk": 10, "fields": {"description": "condition_10", "doctors": [8]}}, {"model": "notifications.notification", "pk": 70, "fields": {"description": null, "actor_content_type": 4, "timestamp": "2015-10-19T00:57:23.664Z", "actor_object_id": "1", "action_object_object_id": null, "public": true, "unread": false, "recipient": 1, "emailed": false, "action_object_content_type": null, "level": "info", "target_content_type": null, "verb": "Dudley, Sarah's sore_throat_level is 4", "data": null, "target_object_id": null, "deleted": false}}, {"model": "notifications.notification", "pk": 71, "fields": {"description": null, "actor_content_type": 4, "timestamp": "2015-10-19T00:57:23.670Z", "actor_object_id": "1", "action_object_object_id": null, "public": true, "unread": false, "recipient": 1, "emailed": false, "action_object_content_type": null, "level": "info", "target_content_type": null, "verb": "Dudley, Sarah's lack_of_appetite_level is 4", "data": null, "target_object_id": null, "deleted": false}}, {"model": "notifications.notification", "pk": 72, "fields": {"description": null, "actor_content_type": 4, "timestamp": "2015-10-19T00:57:23.674Z", "actor_object_id": "1", "action_object_object_id": null, "public": true, "unread": false, "recipient": 1, "emailed": false, "action_object_content_type": null, "level": "info", "target_content_type": null, "verb": "Dudley, Sarah's sleepiness_level is 5", "data": null, "target_object_id": null, "deleted": false}}, {"model": "notifications.notification", "pk": 73, "fields": {"description": null, "actor_content_type": 4, "timestamp": "2015-10-19T00:57:23.677Z", "actor_object_id": "1", "action_object_object_id": null, "public": true, "unread": false, "recipient": 1, "emailed": false, "action_object_content_type": null, "level": "info", "target_content_type": null, "verb": "Dudley, Sarah's abdominal_pain_level is 5", "data": null, "target_object_id": null, "deleted": false}}, {"model": "notifications.notification", "pk": 74, "fields": {"description": null, "actor_content_type": 4, "timestamp": "2015-10-19T00:57:23.681Z", "actor_object_id": "1", "action_object_object_id": null, "public": true, "unread": false, "recipient": 1, "emailed": false, "action_object_content_type": null, "level": "info", "target_content_type": null, "verb": "Dudley, Sarah's insomnia_level is 4", "data": null, "target_object_id": null, "deleted": false}}, {"model": "notifications.notification", "pk": 75, "fields": {"description": null, "actor_content_type": 4, "timestamp": "2015-10-19T00:58:03.633Z", "actor_object_id": "1", "action_object_object_id": null, "public": true, "unread": false, "recipient": 1, "emailed": false, "action_object_content_type": null, "level": "info", "target_content_type": null, "verb": "Dudley, Sarah's sore_throat_level is 5", "data": null, "target_object_id": null, "deleted": false}}, {"model": "notifications.notification", "pk": 76, "fields": {"description": null, "actor_content_type": 4, "timestamp": "2015-10-19T00:58:03.637Z", "actor_object_id": "1", "action_object_object_id": null, "public": true, "unread": false, "recipient": 1, "emailed": false, "action_object_content_type": null, "level": "info", "target_content_type": null, "verb": "Dudley, Sarah's headache_level is 5", "data": null, "target_object_id": null, "deleted": false}}, {"model": "notifications.notification", "pk": 77, "fields": {"description": null, "actor_content_type": 4, "timestamp": "2015-10-19T00:58:03.641Z", "actor_object_id": "1", "action_object_object_id": null, "public": true, "unread": false, "recipient": 1, "emailed": false, "action_object_content_type": null, "level": "info", "target_content_type": null, "verb": "Dudley, Sarah's nausea_level is 5", "data": null, "target_object_id": null, "deleted": false}}, {"model": "notifications.notification", "pk": 78, "fields": {"description": null, "actor_content_type": 4, "timestamp": "2015-10-19T00:58:03.644Z", "actor_object_id": "1", "action_object_object_id": null, "public": true, "unread": false, "recipient": 1, "emailed": false, "action_object_content_type": null, "level": "info", "target_content_type": null, "verb": "Dudley, Sarah's lack_of_appetite_level is 4", "data": null, "target_object_id": null, "deleted": false}}, {"model": "notifications.notification", "pk": 79, "fields": {"description": null, "actor_content_type": 4, "timestamp": "2015-10-19T00:58:03.648Z", "actor_object_id": "1", "action_object_object_id": null, "public": true, "unread": false, "recipient": 1, "emailed": false, "action_object_content_type": null, "level": "info", "target_content_type": null, "verb": "Dudley, Sarah's sleepiness_level is 5", "data": null, "target_object_id": null, "deleted": false}}, {"model": "notifications.notification", "pk": 80, "fields": {"description": null, "actor_content_type": 4, "timestamp": "2015-10-19T00:58:03.652Z", "actor_object_id": "1", "action_object_object_id": null, "public": true, "unread": false, "recipient": 1, "emailed": false, "action_object_content_type": null, "level": "info", "target_content_type": null, "verb": "Dudley, Sarah's abdominal_pain_level is 5", "data": null, "target_object_id": null, "deleted": false}}, {"model": "notifications.notification", "pk": 81, "fields": {"description": null, "actor_content_type": 4, "timestamp": "2015-10-19T00:58:03.656Z", "actor_object_id": "1", "action_object_object_id": null, "public": true, "unread": false, "recipient": 1, "emailed": false, "action_object_content_type": null, "level": "info", "target_content_type": null, "verb": "Dudley, Sarah's insomnia_level is 4", "data": null, "target_object_id": null, "deleted": false}}, {"model": "notifications.notification", "pk": 82, "fields": {"description": null, "actor_content_type": 4, "timestamp": "2015-10-19T00:58:03.659Z", "actor_object_id": "1", "action_object_object_id": null, "public": true, "unread": false, "recipient": 1, "emailed": false, "action_object_content_type": null, "level": "info", "target_content_type": null, "verb": "Dudley, Sarah's overall health condition level is 33", "data": null, "target_object_id": null, "deleted": false}}, {"model": "notifications.notification", "pk": 83, "fields": {"description": null, "actor_content_type": 4, "timestamp": "2015-10-19T01:11:09.780Z", "actor_object_id": "1", "action_object_object_id": null, "public": true, "unread": false, "recipient": 1, "emailed": false, "action_object_content_type": null, "level": "info", "target_content_type": null, "verb": "Dudley, Sarah's nausea_level is 5", "data": null, "target_object_id": null, "deleted": false}}, {"model": "notifications.notification", "pk": 84, "fields": {"description": null, "actor_content_type": 4, "timestamp": "2015-10-19T01:11:09.784Z", "actor_object_id": "1", "action_object_object_id": null, "public": true, "unread": false, "recipient": 1, "emailed": false, "action_object_content_type": null, "level": "info", "target_content_type": null, "verb": "Dudley, Sarah's lack_of_appetite_level is 4", "data": null, "target_object_id": null, "deleted": false}}, {"model": "notifications.notification", "pk": 85, "fields": {"description": null, "actor_content_type": 4, "timestamp": "2015-10-19T01:11:09.787Z", "actor_object_id": "1", "action_object_object_id": null, "public": true, "unread": false, "recipient": 1, "emailed": false, "action_object_content_type": null, "level": "info", "target_content_type": null, "verb": "Dudley, Sarah's abdominal_pain_level is 5", "data": null, "target_object_id": null, "deleted": false}}, {"model": "notifications.notification", "pk": 86, "fields": {"description": null, "actor_content_type": 4, "timestamp": "2015-10-19T01:11:09.790Z", "actor_object_id": "1", "action_object_object_id": null, "public": true, "unread": false, "recipient": 1, "emailed": false, "action_object_content_type": null, "level": "info", "target_content_type": null, "verb": "Dudley, Sarah's sleepiness_level is 5", "data": null, "target_object_id": null, "deleted": false}}, {"model": "notifications.notification", "pk": 87, "fields": {"description": null, "actor_content_type": 4, "timestamp": "2015-10-19T01:11:09.795Z", "actor_object_id": "1", "action_object_object_id": null, "public": true, "unread": false, "recipient": 1, "emailed": false, "action_object_content_type": null, "level": "info", "target_content_type": null, "verb": "Dudley, Sarah's sore_throat_level is 5", "data": null, "target_object_id": null, "deleted": false}}, {"model": "notifications.notification", "pk": 88, "fields": {"description": null, "actor_content_type": 4, "timestamp": "2015-10-19T01:11:09.799Z", "actor_object_id": "1", "action_object_object_id": null, "public": true, "unread": false, "recipient": 1, "emailed": false, "action_object_content_type": null, "level": "info", "target_content_type": null, "verb": "Dudley, Sarah's insomnia_level is 4", "data": null, "target_object_id": null, "deleted": false}}, {"model": "notifications.notification", "pk": 89, "fields": {"description": null, "actor_content_type": 4, "timestamp": "2015-10-19T01:11:09.803Z", "actor_object_id": "1", "action_object_object_id": null, "public": true, "unread": false, "recipient": 1, "emailed": false, "action_object_content_type": null, "level": "info", "target_content_type": null, "verb": "Dudley, Sarah's headache_level is 5", "data": null, "target_object_id": null, "deleted": false}}, {"model": "notifications.notification", "pk": 90, "fields": {"description": null, "actor_content_type": 4, "timestamp": "2015-10-19T01:11:09.806Z", "actor_object_id": "1", "action_object_object_id": null, "public": true, "unread": false, "recipient": 1, "emailed": false, "action_object_content_type": null, "level": "info", "target_content_type": null, "verb": "Dudley, Sarah's health condition is urgent (Level: 33)", "data": null, "target_object_id": null, "deleted": false}}, {"model": "notifications.notification", "pk": 91, "fields": {"description": null, "actor_content_type": 4, "timestamp": "2015-10-19T01:22:42.332Z", "actor_object_id": "1", "action_object_object_id": null, "public": true, "unread": false, "recipient": 1, "emailed": false, "action_object_content_type": null, "level": "info", "target_content_type": null, "verb": "Smith, Will's nausea_level is 5", "data": null, "target_object_id": null, "deleted": false}}, {"model": "notifications.notification", "pk": 92, "fields": {"description": null, "actor_content_type": 4, "timestamp": "2015-10-19T01:22:42.337Z", "actor_object_id": "1", "action_object_object_id": null, "public": true, "unread": false, "recipient": 1, "emailed": false, "action_object_content_type": null, "level": "info", "target_content_type": null, "verb": "Smith, Will's sleepiness_level is 5", "data": null, "target_object_id": null, "deleted": false}}, {"model": "notifications.notification", "pk": 93, "fields": {"description": null, "actor_content_type": 4, "timestamp": "2015-10-19T01:22:42.340Z", "actor_object_id": "1", "action_object_object_id": null, "public": true, "unread": false, "recipient": 1, "emailed": false, "action_object_content_type": null, "level": "info", "target_content_type": null, "verb": "Smith, Will's sore_throat_level is 5", "data": null, "target_object_id": null, "deleted": false}}, {"model": "notifications.notification", "pk": 94, "fields": {"description": null, "actor_content_type": 4, "timestamp": "2015-10-19T01:22:42.344Z", "actor_object_id": "1", "action_object_object_id": null, "public": true, "unread": false, "recipient": 1, "emailed": false, "action_object_content_type": null, "level": "info", "target_content_type": null, "verb": "Smith, Will's headache_level is 5", "data": null, "target_object_id": null, "deleted": false}}, {"model": "notifications.notification", "pk": 95, "fields": {"description": null, "actor_content_type": 4, "timestamp": "2015-10-19T03:17:19.814Z", "actor_object_id": "1", "action_object_object_id": null, "public": true, "unread": false, "recipient": 1, "emailed": false, "action_object_content_type": null, "level": "info", "target_content_type": null, "verb": "Jackson, Michael's nausea_level is 5", "data": null, "target_object_id": null, "deleted": false}}, {"model": "notifications.notification", "pk": 96, "fields": {"description": null, "actor_content_type": 4, "timestamp": "2015-10-19T03:17:19.819Z", "actor_object_id": "1", "action_object_object_id": null, "public": true, "unread": false, "recipient": 1, "emailed": false, "action_object_content_type": null, "level": "info", "target_content_type": null, "verb": "Jackson, Michael's lack_of_appetite_level is 5", "data": null, "target_object_id": null, "deleted": false}}, {"model": "notifications.notification", "pk": 97, "fields": {"description": null, "actor_content_type": 4, "timestamp": "2015-10-19T03:17:19.824Z", "actor_object_id": "1", "action_object_object_id": null, "public": true, "unread": false, "recipient": 1, "emailed": false, "action_object_content_type": null, "level": "info", "target_content_type": null, "verb": "Jackson, Michael's abdominal_pain_level is 5", "data": null, "target_object_id": null, "deleted": false}}, {"model": "notifications.notification", "pk": 98, "fields": {"description": null, "actor_content_type": 4, "timestamp": "2015-10-19T03:17:19.828Z", "actor_object_id": "1", "action_object_object_id": null, "public": true, "unread": false, "recipient": 1, "emailed": false, "action_object_content_type": null, "level": "info", "target_content_type": null, "verb": "Jackson, Michael's sleepiness_level is 5", "data": null, "target_object_id": null, "deleted": false}}, {"model": "notifications.notification", "pk": 99, "fields": {"description": null, "actor_content_type": 4, "timestamp": "2015-10-19T03:17:19.833Z", "actor_object_id": "1", "action_object_object_id": null, "public": true, "unread": false, "recipient": 1, "emailed": false, "action_object_content_type": null, "level": "info", "target_content_type": null, "verb": "Jackson, Michael's constipation_level is 5", "data": null, "target_object_id": null, "deleted": false}}, {"model": "notifications.notification", "pk": 100, "fields": {"description": null, "actor_content_type": 4, "timestamp": "2015-10-19T03:17:19.838Z", "actor_object_id": "1", "action_object_object_id": null, "public": true, "unread": false, "recipient": 1, "emailed": false, "action_object_content_type": null, "level": "info", "target_content_type": null, "verb": "Jackson, Michael's sore_throat_level is 5", "data": null, "target_object_id": null, "deleted": false}}, {"model": "notifications.notification", "pk": 101, "fields": {"description": null, "actor_content_type": 4, "timestamp": "2015-10-19T03:17:19.842Z", "actor_object_id": "1", "action_object_object_id": null, "public": true, "unread": false, "recipient": 1, "emailed": false, "action_object_content_type": null, "level": "info", "target_content_type": null, "verb": "Jackson, Michael's insomnia_level is 5", "data": null, "target_object_id": null, "deleted": false}}, {"model": "notifications.notification", "pk": 102, "fields": {"description": null, "actor_content_type": 4, "timestamp": "2015-10-19T03:17:19.847Z", "actor_object_id": "1", "action_object_object_id": null, "public": true, "unread": false, "recipient": 1, "emailed": false, "action_object_content_type": null, "level": "info", "target_content_type": null, "verb": "Jackson, Michael's headache_level is 5", "data": null, "target_object_id": null, "deleted": false}}, {"model": "notifications.notification", "pk": 103, "fields": {"description": null, "actor_content_type": 4, "timestamp": "2015-10-19T03:17:19.852Z", "actor_object_id": "1", "action_object_object_id": null, "public": true, "unread": false, "recipient": 1, "emailed": false, "action_object_content_type": null, "level": "info", "target_content_type": null, "verb": "Jackson, Michael's health condition is urgent (Level: 40)", "data": null, "target_object_id": null, "deleted": false}}, {"model": "notifications.notification", "pk": 104, "fields": {"description": null, "actor_content_type": 4, "timestamp": "2015-10-19T03:19:55.709Z", "actor_object_id": "1", "action_object_object_id": null, "public": true, "unread": false, "recipient": 1, "emailed": false, "action_object_content_type": null, "level": "danger", "target_content_type": null, "verb": "Obama, Barack's insomnia_level is 4", "data": null, "target_object_id": null, "deleted": false}}, {"model": "notifications.notification", "pk": 105, "fields": {"description": null, "actor_content_type": 4, "timestamp": "2015-10-19T03:20:36.370Z", "actor_object_id": "1", "action_object_object_id": null, "public": true, "unread": false, "recipient": 1, "emailed": false, "action_object_content_type": null, "level": "warning", "target_content_type": null, "verb": "Obama, Barack's lack_of_appetite_level is 5", "data": null, "target_object_id": null, "deleted": false}}, {"model": "notifications.notification", "pk": 106, "fields": {"description": null, "actor_content_type": 4, "timestamp": "2015-10-19T03:20:36.374Z", "actor_object_id": "1", "action_object_object_id": null, "public": true, "unread": false, "recipient": 1, "emailed": false, "action_object_content_type": null, "level": "warning", "target_content_type": null, "verb": "Obama, Barack's insomnia_level is 4", "data": null, "target_object_id": null, "deleted": false}}, {"model": "notifications.notification", "pk": 107, "fields": {"description": null, "actor_content_type": 4, "timestamp": "2015-10-19T03:20:36.379Z", "actor_object_id": "1", "action_object_object_id": null, "public": true, "unread": false, "recipient": 1, "emailed": false, "action_object_content_type": null, "level": "warning", "target_content_type": null, "verb": "Obama, Barack's headache_level is 5", "data": null, "target_object_id": null, "deleted": false}}, {"model": "notifications.notification", "pk": 108, "fields": {"description": null, "actor_content_type": 4, "timestamp": "2015-10-19T03:20:36.383Z", "actor_object_id": "1", "action_object_object_id": null, "public": true, "unread": false, "recipient": 1, "emailed": false, "action_object_content_type": null, "level": "warning", "target_content_type": null, "verb": "Obama, Barack's constipation_level is 5", "data": null, "target_object_id": null, "deleted": false}}, {"model": "notifications.notification", "pk": 109, "fields": {"description": null, "actor_content_type": 4, "timestamp": "2015-10-19T03:20:36.387Z", "actor_object_id": "1", "action_object_object_id": null, "public": true, "unread": false, "recipient": 1, "emailed": false, "action_object_content_type": null, "level": "warning", "target_content_type": null, "verb": "Obama, Barack's sore_throat_level is 5", "data": null, "target_object_id": null, "deleted": false}}, {"model": "notifications.notification", "pk": 110, "fields": {"description": null, "actor_content_type": 4, "timestamp": "2015-10-19T03:20:36.391Z", "actor_object_id": "1", "action_object_object_id": null, "public": true, "unread": false, "recipient": 1, "emailed": false, "action_object_content_type": null, "level": "danger", "target_content_type": null, "verb": "Obama, Barack's health condition is urgent (Level: 27)", "data": null, "target_object_id": null, "deleted": false}}, {"model": "notifications.notification", "pk": 111, "fields": {"description": null, "actor_content_type": 4, "timestamp": "2015-10-19T03:26:06.628Z", "actor_object_id": "1", "action_object_object_id": null, "public": true, "unread": false, "recipient": 1, "emailed": false, "action_object_content_type": null, "level": "warning", "target_content_type": null, "verb": "Dudley, Sarah's lack_of_appetite_level is 4", "data": null, "target_object_id": null, "deleted": false}}, {"model": "notifications.notification", "pk": 112, "fields": {"description": null, "actor_content_type": 4, "timestamp": "2015-10-19T03:26:06.633Z", "actor_object_id": "1", "action_object_object_id": null, "public": true, "unread": false, "recipient": 1, "emailed": false, "action_object_content_type": null, "level": "warning", "target_content_type": null, "verb": "Dudley, Sarah's sleepiness_level is 4", "data": null, "target_object_id": null, "deleted": false}}, {"model": "notifications.notification", "pk": 113, "fields": {"description": null, "actor_content_type": 4, "timestamp": "2015-10-19T03:26:06.636Z", "actor_object_id": "1", "action_object_object_id": null, "public": true, "unread": false, "recipient": 1, "emailed": false, "action_object_content_type": null, "level": "warning", "target_content_type": null, "verb": "Dudley, Sarah's insomnia_level is 5", "data": null, "target_object_id": null, "deleted": false}}, {"model": "notifications.notification", "pk": 114, "fields": {"description": null, "actor_content_type": 4, "timestamp": "2015-10-19T03:26:06.640Z", "actor_object_id": "1", "action_object_object_id": null, "public": true, "unread": false, "recipient": 1, "emailed": false, "action_object_content_type": null, "level": "warning", "target_content_type": null, "verb": "Dudley, Sarah's headache_level is 4", "data": null, "target_object_id": null, "deleted": false}}, {"model": "notifications.notification", "pk": 115, "fields": {"description": null, "actor_content_type": 4, "timestamp": "2015-10-19T03:26:06.644Z", "actor_object_id": "1", "action_object_object_id": null, "public": true, "unread": false, "recipient": 1, "emailed": false, "action_object_content_type": null, "level": "warning", "target_content_type": null, "verb": "Dudley, Sarah's abdominal_pain_level is 5", "data": null, "target_object_id": null, "deleted": false}}, {"model": "notifications.notification", "pk": 116, "fields": {"description": null, "actor_content_type": 4, "timestamp": "2015-10-19T03:26:06.647Z", "actor_object_id": "1", "action_object_object_id": null, "public": true, "unread": false, "recipient": 1, "emailed": false, "action_object_content_type": null, "level": "warning", "target_content_type": null, "verb": "Dudley, Sarah's constipation_level is 5", "data": null, "target_object_id": null, "deleted": false}}, {"model": "notifications.notification", "pk": 117, "fields": {"description": null, "actor_content_type": 4, "timestamp": "2015-10-19T03:26:06.651Z", "actor_object_id": "1", "action_object_object_id": null, "public": true, "unread": false, "recipient": 1, "emailed": false, "action_object_content_type": null, "level": "warning", "target_content_type": null, "verb": "Dudley, Sarah's sore_throat_level is 5", "data": null, "target_object_id": null, "deleted": false}}, {"model": "notifications.notification", "pk": 118, "fields": {"description": null, "actor_content_type": 4, "timestamp": "2015-10-19T03:26:06.654Z", "actor_object_id": "1", "action_object_object_id": null, "public": true, "unread": false, "recipient": 1, "emailed": false, "action_object_content_type": null, "level": "danger", "target_content_type": null, "verb": "Dudley, Sarah's health condition is urgent (Level: 32)", "data": null, "target_object_id": null, "deleted": false}}, {"model": "notifications.notification", "pk": 119, "fields": {"description": null, "actor_content_type": 4, "timestamp": "2015-10-19T03:53:39.782Z", "actor_object_id": "1", "action_object_object_id": null, "public": true, "unread": false, "recipient": 1, "emailed": false, "action_object_content_type": null, "level": "warning", "target_content_type": null, "verb": "Dudley, Sarah's lack_of_appetite_level is 4", "data": null, "target_object_id": null, "deleted": false}}, {"model": "notifications.notification", "pk": 120, "fields": {"description": null, "actor_content_type": 4, "timestamp": "2015-10-19T03:53:39.787Z", "actor_object_id": "1", "action_object_object_id": null, "public": true, "unread": false, "recipient": 1, "emailed": false, "action_object_content_type": null, "level": "warning", "target_content_type": null, "verb": "Dudley, Sarah's sleepiness_level is 4", "data": null, "target_object_id": null, "deleted": false}}, {"model": "notifications.notification", "pk": 121, "fields": {"description": null, "actor_content_type": 4, "timestamp": "2015-10-19T03:53:39.790Z", "actor_object_id": "1", "action_object_object_id": null, "public": true, "unread": false, "recipient": 1, "emailed": false, "action_object_content_type": null, "level": "warning", "target_content_type": null, "verb": "Dudley, Sarah's insomnia_level is 5", "data": null, "target_object_id": null, "deleted": false}}, {"model": "notifications.notification", "pk": 122, "fields": {"description": null, "actor_content_type": 4, "timestamp": "2015-10-19T03:53:39.794Z", "actor_object_id": "1", "action_object_object_id": null, "public": true, "unread": false, "recipient": 1, "emailed": false, "action_object_content_type": null, "level": "warning", "target_content_type": null, "verb": "Dudley, Sarah's headache_level is 5", "data": null, "target_object_id": null, "deleted": false}}, {"model": "notifications.notification", "pk": 123, "fields": {"description": null, "actor_content_type": 4, "timestamp": "2015-10-19T03:53:39.797Z", "actor_object_id": "1", "action_object_object_id": null, "public": true, "unread": false, "recipient": 1, "emailed": false, "action_object_content_type": null, "level": "warning", "target_content_type": null, "verb": "Dudley, Sarah's abdominal_pain_level is 5", "data": null, "target_object_id": null, "deleted": false}}, {"model": "notifications.notification", "pk": 124, "fields": {"description": null, "actor_content_type": 4, "timestamp": "2015-10-19T03:53:39.801Z", "actor_object_id": "1", "action_object_object_id": null, "public": true, "unread": false, "recipient": 1, "emailed": false, "action_object_content_type": null, "level": "warning", "target_content_type": null, "verb": "Dudley, Sarah's constipation_level is 5", "data": null, "target_object_id": null, "deleted": false}}, {"model": "notifications.notification", "pk": 125, "fields": {"description": null, "actor_content_type": 4, "timestamp": "2015-10-19T03:53:39.804Z", "actor_object_id": "1", "action_object_object_id": null, "public": true, "unread": false, "recipient": 1, "emailed": false, "action_object_content_type": null, "level": "warning", "target_content_type": null, "verb": "Dudley, Sarah's sore_throat_level is 5", "data": null, "target_object_id": null, "deleted": false}}, {"model": "notifications.notification", "pk": 126, "fields": {"description": null, "actor_content_type": 4, "timestamp": "2015-10-19T03:53:39.808Z", "actor_object_id": "1", "action_object_object_id": null, "public": true, "unread": false, "recipient": 1, "emailed": false, "action_object_content_type": null, "level": "danger", "target_content_type": null, "verb": "Dudley, Sarah's health condition is urgent (Level: 33)", "data": null, "target_object_id": null, "deleted": false}}, {"model": "notifications.notification", "pk": 127, "fields": {"description": null, "actor_content_type": 4, "timestamp": "2015-10-19T04:00:51.670Z", "actor_object_id": "1", "action_object_object_id": null, "public": true, "unread": false, "recipient": 1, "emailed": false, "action_object_content_type": null, "level": "warning", "target_content_type": null, "verb": "Obama, Barack's lack_of_appetite_level is 5", "data": null, "target_object_id": null, "deleted": false}}, {"model": "notifications.notification", "pk": 128, "fields": {"description": null, "actor_content_type": 4, "timestamp": "2015-10-19T04:00:51.675Z", "actor_object_id": "1", "action_object_object_id": null, "public": true, "unread": false, "recipient": 1, "emailed": false, "action_object_content_type": null, "level": "warning", "target_content_type": null, "verb": "Obama, Barack's insomnia_level is 4", "data": null, "target_object_id": null, "deleted": false}}, {"model": "notifications.notification", "pk": 129, "fields": {"description": null, "actor_content_type": 4, "timestamp": "2015-10-19T04:00:51.678Z", "actor_object_id": "1", "action_object_object_id": null, "public": true, "unread": false, "recipient": 1, "emailed": false, "action_object_content_type": null, "level": "warning", "target_content_type": null, "verb": "Obama, Barack's headache_level is 5", "data": null, "target_object_id": null, "deleted": false}}, {"model": "notifications.notification", "pk": 130, "fields": {"description": null, "actor_content_type": 4, "timestamp": "2015-10-19T04:00:51.682Z", "actor_object_id": "1", "action_object_object_id": null, "public": true, "unread": false, "recipient": 1, "emailed": false, "action_object_content_type": null, "level": "warning", "target_content_type": null, "verb": "Obama, Barack's constipation_level is 5", "data": null, "target_object_id": null, "deleted": false}}, {"model": "notifications.notification", "pk": 131, "fields": {"description": null, "actor_content_type": 4, "timestamp": "2015-10-19T04:00:51.685Z", "actor_object_id": "1", "action_object_object_id": null, "public": true, "unread": false, "recipient": 1, "emailed": false, "action_object_content_type": null, "level": "warning", "target_content_type": null, "verb": "Obama, Barack's sore_throat_level is 5", "data": null, "target_object_id": null, "deleted": false}}, {"model": "notifications.notification", "pk": 132, "fields": {"description": null, "actor_content_type": 4, "timestamp": "2015-10-19T04:00:51.689Z", "actor_object_id": "1", "action_object_object_id": null, "public": true, "unread": false, "recipient": 1, "emailed": false, "action_object_content_type": null, "level": "danger", "target_content_type": null, "verb": "Obama, Barack's health condition is urgent (Level: 27)", "data": null, "target_object_id": null, "deleted": false}}, {"model": "notifications.notification", "pk": 133, "fields": {"description": null, "actor_content_type": 4, "timestamp": "2015-10-19T04:03:38.463Z", "actor_object_id": "1", "action_object_object_id": null, "public": true, "unread": false, "recipient": 1, "emailed": false, "action_object_content_type": null, "level": "warning", "target_content_type": null, "verb": "King, Martin's lack_of_appetite_level is 5", "data": null, "target_object_id": null, "deleted": false}}, {"model": "notifications.notification", "pk": 134, "fields": {"description": null, "actor_content_type": 4, "timestamp": "2015-10-19T04:03:38.467Z", "actor_object_id": "1", "action_object_object_id": null, "public": true, "unread": false, "recipient": 1, "emailed": false, "action_object_content_type": null, "level": "warning", "target_content_type": null, "verb": "King, Martin's sleepiness_level is 5", "data": null, "target_object_id": null, "deleted": false}}, {"model": "notifications.notification", "pk": 135, "fields": {"description": null, "actor_content_type": 4, "timestamp": "2015-10-19T04:03:38.471Z", "actor_object_id": "1", "action_object_object_id": null, "public": true, "unread": false, "recipient": 1, "emailed": false, "action_object_content_type": null, "level": "warning", "target_content_type": null, "verb": "King, Martin's insomnia_level is 5", "data": null, "target_object_id": null, "deleted": false}}, {"model": "notifications.notification", "pk": 136, "fields": {"description": null, "actor_content_type": 4, "timestamp": "2015-10-19T04:03:38.474Z", "actor_object_id": "1", "action_object_object_id": null, "public": true, "unread": false, "recipient": 1, "emailed": false, "action_object_content_type": null, "level": "warning", "target_content_type": null, "verb": "King, Martin's headache_level is 4", "data": null, "target_object_id": null, "deleted": false}}, {"model": "notifications.notification", "pk": 137, "fields": {"description": null, "actor_content_type": 4, "timestamp": "2015-10-19T04:03:38.478Z", "actor_object_id": "1", "action_object_object_id": null, "public": true, "unread": false, "recipient": 1, "emailed": false, "action_object_content_type": null, "level": "warning", "target_content_type": null, "verb": "King, Martin's nausea_level is 5", "data": null, "target_object_id": null, "deleted": false}}, {"model": "notifications.notification", "pk": 138, "fields": {"description": null, "actor_content_type": 4, "timestamp": "2015-10-19T04:03:38.482Z", "actor_object_id": "1", "action_object_object_id": null, "public": true, "unread": false, "recipient": 1, "emailed": false, "action_object_content_type": null, "level": "warning", "target_content_type": null, "verb": "King, Martin's constipation_level is 5", "data": null, "target_object_id": null, "deleted": false}}, {"model": "notifications.notification", "pk": 139, "fields": {"description": null, "actor_content_type": 4, "timestamp": "2015-10-19T04:03:38.486Z", "actor_object_id": "1", "action_object_object_id": null, "public": true, "unread": false, "recipient": 1, "emailed": false, "action_object_content_type": null, "level": "warning", "target_content_type": null, "verb": "King, Martin's sore_throat_level is 5", "data": null, "target_object_id": null, "deleted": false}}, {"model": "notifications.notification", "pk": 140, "fields": {"description": null, "actor_content_type": 4, "timestamp": "2015-10-19T04:03:38.489Z", "actor_object_id": "1", "action_object_object_id": null, "public": true, "unread": false, "recipient": 1, "emailed": false, "action_object_content_type": null, "level": "danger", "target_content_type": null, "verb": "King, Martin's health condition is urgent (Level: 34)", "data": null, "target_object_id": null, "deleted": false}}, {"model": "notifications.notification", "pk": 141, "fields": {"description": null, "actor_content_type": 4, "timestamp": "2015-10-19T04:32:30.634Z", "actor_object_id": "1", "action_object_object_id": null, "public": true, "unread": false, "recipient": 1, "emailed": false, "action_object_content_type": null, "level": "warning", "target_content_type": null, "verb": "King, Martin's lack_of_appetite_level is 5", "data": null, "target_object_id": null, "deleted": false}}, {"model": "notifications.notification", "pk": 142, "fields": {"description": null, "actor_content_type": 4, "timestamp": "2015-10-19T04:32:30.638Z", "actor_object_id": "1", "action_object_object_id": null, "public": true, "unread": false, "recipient": 1, "emailed": false, "action_object_content_type": null, "level": "warning", "target_content_type": null, "verb": "King, Martin's sleepiness_level is 5", "data": null, "target_object_id": null, "deleted": false}}, {"model": "notifications.notification", "pk": 143, "fields": {"description": null, "actor_content_type": 4, "timestamp": "2015-10-19T04:32:30.642Z", "actor_object_id": "1", "action_object_object_id": null, "public": true, "unread": false, "recipient": 1, "emailed": false, "action_object_content_type": null, "level": "warning", "target_content_type": null, "verb": "King, Martin's insomnia_level is 5", "data": null, "target_object_id": null, "deleted": false}}, {"model": "notifications.notification", "pk": 144, "fields": {"description": null, "actor_content_type": 4, "timestamp": "2015-10-19T04:32:30.645Z", "actor_object_id": "1", "action_object_object_id": null, "public": true, "unread": false, "recipient": 1, "emailed": false, "action_object_content_type": null, "level": "warning", "target_content_type": null, "verb": "King, Martin's headache_level is 4", "data": null, "target_object_id": null, "deleted": false}}, {"model": "notifications.notification", "pk": 145, "fields": {"description": null, "actor_content_type": 4, "timestamp": "2015-10-19T04:32:30.649Z", "actor_object_id": "1", "action_object_object_id": null, "public": true, "unread": false, "recipient": 1, "emailed": false, "action_object_content_type": null, "level": "warning", "target_content_type": null, "verb": "King, Martin's nausea_level is 5", "data": null, "target_object_id": null, "deleted": false}}, {"model": "notifications.notification", "pk": 146, "fields": {"description": null, "actor_content_type": 4, "timestamp": "2015-10-19T04:32:30.653Z", "actor_object_id": "1", "action_object_object_id": null, "public": true, "unread": false, "recipient": 1, "emailed": false, "action_object_content_type": null, "level": "warning", "target_content_type": null, "verb": "King, Martin's constipation_level is 5", "data": null, "target_object_id": null, "deleted": false}}, {"model": "notifications.notification", "pk": 147, "fields": {"description": null, "actor_content_type": 4, "timestamp": "2015-10-19T04:32:30.656Z", "actor_object_id": "1", "action_object_object_id": null, "public": true, "unread": false, "recipient": 1, "emailed": false, "action_object_content_type": null, "level": "warning", "target_content_type": null, "verb": "King, Martin's sore_throat_level is 5", "data": null, "target_object_id": null, "deleted": false}}, {"model": "notifications.notification", "pk": 148, "fields": {"description": null, "actor_content_type": 4, "timestamp": "2015-10-19T04:32:30.660Z", "actor_object_id": "1", "action_object_object_id": null, "public": true, "unread": false, "recipient": 1, "emailed": false, "action_object_content_type": null, "level": "danger", "target_content_type": null, "verb": "King, Martin's health condition is urgent (Level: 34)", "data": null, "target_object_id": null, "deleted": false}}, {"model": "notifications.notification", "pk": 149, "fields": {"description": null, "actor_content_type": 4, "timestamp": "2015-10-19T04:57:20.204Z", "actor_object_id": "1", "action_object_object_id": null, "public": true, "unread": false, "recipient": 1, "emailed": false, "action_object_content_type": null, "level": "warning", "target_content_type": null, "verb": "King, Martin's lack_of_appetite_level is 5", "data": null, "target_object_id": null, "deleted": false}}, {"model": "notifications.notification", "pk": 150, "fields": {"description": null, "actor_content_type": 4, "timestamp": "2015-10-19T04:57:20.208Z", "actor_object_id": "1", "action_object_object_id": null, "public": true, "unread": false, "recipient": 1, "emailed": false, "action_object_content_type": null, "level": "warning", "target_content_type": null, "verb": "King, Martin's sleepiness_level is 5", "data": null, "target_object_id": null, "deleted": false}}, {"model": "notifications.notification", "pk": 151, "fields": {"description": null, "actor_content_type": 4, "timestamp": "2015-10-19T04:57:20.212Z", "actor_object_id": "1", "action_object_object_id": null, "public": true, "unread": false, "recipient": 1, "emailed": false, "action_object_content_type": null, "level": "warning", "target_content_type": null, "verb": "King, Martin's insomnia_level is 5", "data": null, "target_object_id": null, "deleted": false}}, {"model": "notifications.notification", "pk": 152, "fields": {"description": null, "actor_content_type": 4, "timestamp": "2015-10-19T04:57:20.216Z", "actor_object_id": "1", "action_object_object_id": null, "public": true, "unread": false, "recipient": 1, "emailed": false, "action_object_content_type": null, "level": "warning", "target_content_type": null, "verb": "King, Martin's headache_level is 4", "data": null, "target_object_id": null, "deleted": false}}, {"model": "notifications.notification", "pk": 153, "fields": {"description": null, "actor_content_type": 4, "timestamp": "2015-10-19T04:57:20.219Z", "actor_object_id": "1", "action_object_object_id": null, "public": true, "unread": false, "recipient": 1, "emailed": false, "action_object_content_type": null, "level": "warning", "target_content_type": null, "verb": "King, Martin's nausea_level is 5", "data": null, "target_object_id": null, "deleted": false}}, {"model": "notifications.notification", "pk": 154, "fields": {"description": null, "actor_content_type": 4, "timestamp": "2015-10-19T04:57:20.223Z", "actor_object_id": "1", "action_object_object_id": null, "public": true, "unread": false, "recipient": 1, "emailed": false, "action_object_content_type": null, "level": "warning", "target_content_type": null, "verb": "King, Martin's constipation_level is 5", "data": null, "target_object_id": null, "deleted": false}}, {"model": "notifications.notification", "pk": 155, "fields": {"description": null, "actor_content_type": 4, "timestamp": "2015-10-19T04:57:20.227Z", "actor_object_id": "1", "action_object_object_id": null, "public": true, "unread": false, "recipient": 1, "emailed": false, "action_object_content_type": null, "level": "warning", "target_content_type": null, "verb": "King, Martin's sore_throat_level is 5", "data": null, "target_object_id": null, "deleted": false}}, {"model": "notifications.notification", "pk": 156, "fields": {"description": null, "actor_content_type": 4, "timestamp": "2015-10-19T04:57:20.230Z", "actor_object_id": "1", "action_object_object_id": null, "public": true, "unread": false, "recipient": 1, "emailed": false, "action_object_content_type": null, "level": "danger", "target_content_type": null, "verb": "King, Martin's health condition is urgent (Level: 34)", "data": null, "target_object_id": null, "deleted": false}}, {"model": "notifications.notification", "pk": 157, "fields": {"description": null, "actor_content_type": 4, "timestamp": "2015-10-26T01:23:29.710Z", "actor_object_id": "1", "action_object_object_id": null, "public": true, "unread": false, "recipient": 1, "emailed": false, "action_object_content_type": null, "level": "warning", "target_content_type": null, "verb": "Jackson, Michael's headache_level is 5", "data": null, "target_object_id": null, "deleted": false}}, {"model": "notifications.notification", "pk": 158, "fields": {"description": null, "actor_content_type": 4, "timestamp": "2015-10-26T01:23:29.714Z", "actor_object_id": "1", "action_object_object_id": null, "public": true, "unread": false, "recipient": 1, "emailed": false, "action_object_content_type": null, "level": "warning", "target_content_type": null, "verb": "Jackson, Michael's abdominal_pain_level is 5", "data": null, "target_object_id": null, "deleted": false}}, {"model": "notifications.notification", "pk": 159, "fields": {"description": null, "actor_content_type": 4, "timestamp": "2015-10-26T01:23:29.719Z", "actor_object_id": "1", "action_object_object_id": null, "public": true, "unread": false, "recipient": 1, "emailed": false, "action_object_content_type": null, "level": "warning", "target_content_type": null, "verb": "Jackson, Michael's constipation_level is 5", "data": null, "target_object_id": null, "deleted": false}}, {"model": "notifications.notification", "pk": 160, "fields": {"description": null, "actor_content_type": 4, "timestamp": "2015-10-26T01:23:29.722Z", "actor_object_id": "1", "action_object_object_id": null, "public": true, "unread": false, "recipient": 1, "emailed": false, "action_object_content_type": null, "level": "warning", "target_content_type": null, "verb": "Jackson, Michael's nausea_level is 5", "data": null, "target_object_id": null, "deleted": false}}, {"model": "notifications.notification", "pk": 161, "fields": {"description": null, "actor_content_type": 4, "timestamp": "2015-10-26T01:23:29.727Z", "actor_object_id": "1", "action_object_object_id": null, "public": true, "unread": false, "recipient": 1, "emailed": false, "action_object_content_type": null, "level": "warning", "target_content_type": null, "verb": "Jackson, Michael's insomnia_level is 5", "data": null, "target_object_id": null, "deleted": false}}, {"model": "notifications.notification", "pk": 162, "fields": {"description": null, "actor_content_type": 4, "timestamp": "2015-10-26T01:23:29.732Z", "actor_object_id": "1", "action_object_object_id": null, "public": true, "unread": false, "recipient": 1, "emailed": false, "action_object_content_type": null, "level": "warning", "target_content_type": null, "verb": "Jackson, Michael's sore_throat_level is 5", "data": null, "target_object_id": null, "deleted": false}}, {"model": "notifications.notification", "pk": 163, "fields": {"description": null, "actor_content_type": 4, "timestamp": "2015-10-26T01:23:29.735Z", "actor_object_id": "1", "action_object_object_id": null, "public": true, "unread": false, "recipient": 1, "emailed": false, "action_object_content_type": null, "level": "danger", "target_content_type": null, "verb": "Jackson, Michael's health condition is urgent (Level: 34)", "data": null, "target_object_id": null, "deleted": false}}, {"model": "notifications.notification", "pk": 164, "fields": {"description": null, "actor_content_type": 4, "timestamp": "2015-10-26T08:14:07.911Z", "actor_object_id": "1", "action_object_object_id": null, "public": true, "unread": false, "recipient": 1, "emailed": false, "action_object_content_type": null, "level": "warning", "target_content_type": null, "verb": "Dudley, Sarah's insomnia_level is 5", "data": null, "target_object_id": null, "deleted": false}}, {"model": "notifications.notification", "pk": 165, "fields": {"description": null, "actor_content_type": 4, "timestamp": "2015-10-26T08:14:07.915Z", "actor_object_id": "1", "action_object_object_id": null, "public": true, "unread": false, "recipient": 1, "emailed": false, "action_object_content_type": null, "level": "warning", "target_content_type": null, "verb": "Dudley, Sarah's sore_throat_level is 5", "data": null, "target_object_id": null, "deleted": false}}, {"model": "notifications.notification", "pk": 166, "fields": {"description": null, "actor_content_type": 4, "timestamp": "2015-10-26T08:14:07.921Z", "actor_object_id": "1", "action_object_object_id": null, "public": true, "unread": false, "recipient": 1, "emailed": false, "action_object_content_type": null, "level": "warning", "target_content_type": null, "verb": "Dudley, Sarah's sleepiness_level is 4", "data": null, "target_object_id": null, "deleted": false}}, {"model": "notifications.notification", "pk": 167, "fields": {"description": null, "actor_content_type": 4, "timestamp": "2015-10-26T08:14:07.926Z", "actor_object_id": "1", "action_object_object_id": null, "public": true, "unread": false, "recipient": 1, "emailed": false, "action_object_content_type": null, "level": "warning", "target_content_type": null, "verb": "Dudley, Sarah's headache_level is 5", "data": null, "target_object_id": null, "deleted": false}}, {"model": "notifications.notification", "pk": 168, "fields": {"description": null, "actor_content_type": 4, "timestamp": "2015-10-26T08:14:07.931Z", "actor_object_id": "1", "action_object_object_id": null, "public": true, "unread": false, "recipient": 1, "emailed": false, "action_object_content_type": null, "level": "warning", "target_content_type": null, "verb": "Dudley, Sarah's lack_of_appetite_level is 4", "data": null, "target_object_id": null, "deleted": false}}, {"model": "notifications.notification", "pk": 169, "fields": {"description": null, "actor_content_type": 4, "timestamp": "2015-10-26T08:14:07.935Z", "actor_object_id": "1", "action_object_object_id": null, "public": true, "unread": false, "recipient": 1, "emailed": false, "action_object_content_type": null, "level": "warning", "target_content_type": null, "verb": "Dudley, Sarah's abdominal_pain_level is 5", "data": null, "target_object_id": null, "deleted": false}}, {"model": "notifications.notification", "pk": 170, "fields": {"description": null, "actor_content_type": 4, "timestamp": "2015-10-26T08:14:07.940Z", "actor_object_id": "1", "action_object_object_id": null, "public": true, "unread": false, "recipient": 1, "emailed": false, "action_object_content_type": null, "level": "danger", "target_content_type": null, "verb": "Dudley, Sarah's health condition is urgent (Level: 31)", "data": null, "target_object_id": null, "deleted": false}}, {"model": "notifications.notification", "pk": 171, "fields": {"description": null, "actor_content_type": 4, "timestamp": "2015-10-26T10:56:10.533Z", "actor_object_id": "1", "action_object_object_id": null, "public": true, "unread": false, "recipient": 1, "emailed": false, "action_object_content_type": null, "level": "warning", "target_content_type": null, "verb": "Smith, Will's sore_throat_level is 5", "data": null, "target_object_id": null, "deleted": false}}, {"model": "notifications.notification", "pk": 172, "fields": {"description": null, "actor_content_type": 4, "timestamp": "2015-10-26T10:56:10.537Z", "actor_object_id": "1", "action_object_object_id": null, "public": true, "unread": false, "recipient": 1, "emailed": false, "action_object_content_type": null, "level": "warning", "target_content_type": null, "verb": "Smith, Will's sleepiness_level is 5", "data": null, "target_object_id": null, "deleted": false}}, {"model": "notifications.notification", "pk": 173, "fields": {"description": null, "actor_content_type": 4, "timestamp": "2015-10-26T10:56:10.541Z", "actor_object_id": "1", "action_object_object_id": null, "public": true, "unread": false, "recipient": 1, "emailed": false, "action_object_content_type": null, "level": "warning", "target_content_type": null, "verb": "Smith, Will's headache_level is 5", "data": null, "target_object_id": null, "deleted": false}}, {"model": "notifications.notification", "pk": 174, "fields": {"description": null, "actor_content_type": 4, "timestamp": "2015-10-26T10:56:10.545Z", "actor_object_id": "1", "action_object_object_id": null, "public": true, "unread": false, "recipient": 1, "emailed": false, "action_object_content_type": null, "level": "warning", "target_content_type": null, "verb": "Smith, Will's nausea_level is 5", "data": null, "target_object_id": null, "deleted": false}}, {"model": "notifications.notification", "pk": 175, "fields": {"description": null, "actor_content_type": 4, "timestamp": "2015-10-26T19:24:42.826Z", "actor_object_id": "1", "action_object_object_id": null, "public": true, "unread": false, "recipient": 1, "emailed": false, "action_object_content_type": null, "level": "warning", "target_content_type": null, "verb": "Sanchez, Rick's nausea_level is 5", "data": null, "target_object_id": null, "deleted": false}}, {"model": "notifications.notification", "pk": 176, "fields": {"description": null, "actor_content_type": 4, "timestamp": "2015-10-26T19:24:42.949Z", "actor_object_id": "1", "action_object_object_id": null, "public": true, "unread": false, "recipient": 1, "emailed": false, "action_object_content_type": null, "level": "warning", "target_content_type": null, "verb": "Sanchez, Rick's lack_of_appetite_level is 5", "data": null, "target_object_id": null, "deleted": false}}, {"model": "notifications.notification", "pk": 177, "fields": {"description": null, "actor_content_type": 4, "timestamp": "2015-10-26T19:24:43.071Z", "actor_object_id": "1", "action_object_object_id": null, "public": true, "unread": false, "recipient": 1, "emailed": false, "action_object_content_type": null, "level": "warning", "target_content_type": null, "verb": "Sanchez, Rick's constipation_level is 5", "data": null, "target_object_id": null, "deleted": false}}, {"model": "notifications.notification", "pk": 178, "fields": {"description": null, "actor_content_type": 4, "timestamp": "2015-10-26T19:24:43.173Z", "actor_object_id": "1", "action_object_object_id": null, "public": true, "unread": false, "recipient": 1, "emailed": false, "action_object_content_type": null, "level": "warning", "target_content_type": null, "verb": "Sanchez, Rick's headache_level is 5", "data": null, "target_object_id": null, "deleted": false}}, {"model": "notifications.notification", "pk": 179, "fields": {"description": null, "actor_content_type": 4, "timestamp": "2015-10-26T19:24:43.288Z", "actor_object_id": "1", "action_object_object_id": null, "public": true, "unread": false, "recipient": 1, "emailed": false, "action_object_content_type": null, "level": "warning", "target_content_type": null, "verb": "Sanchez, Rick's insomnia_level is 5", "data": null, "target_object_id": null, "deleted": false}}, {"model": "notifications.notification", "pk": 180, "fields": {"description": null, "actor_content_type": 4, "timestamp": "2015-10-26T19:24:43.415Z", "actor_object_id": "1", "action_object_object_id": null, "public": true, "unread": false, "recipient": 1, "emailed": false, "action_object_content_type": null, "level": "warning", "target_content_type": null, "verb": "Sanchez, Rick's abdominal_pain_level is 5", "data": null, "target_object_id": null, "deleted": false}}, {"model": "notifications.notification", "pk": 181, "fields": {"description": null, "actor_content_type": 4, "timestamp": "2015-10-26T19:24:43.534Z", "actor_object_id": "1", "action_object_object_id": null, "public": true, "unread": false, "recipient": 1, "emailed": false, "action_object_content_type": null, "level": "warning", "target_content_type": null, "verb": "Sanchez, Rick's sore_throat_level is 5", "data": null, "target_object_id": null, "deleted": false}}, {"model": "notifications.notification", "pk": 182, "fields": {"description": null, "actor_content_type": 4, "timestamp": "2015-10-26T19:24:43.638Z", "actor_object_id": "1", "action_object_object_id": null, "public": true, "unread": false, "recipient": 1, "emailed": false, "action_object_content_type": null, "level": "danger", "target_content_type": null, "verb": "Sanchez, Rick's health condition is urgent (Level: 35)", "data": null, "target_object_id": null, "deleted": false}}, {"model": "notifications.notification", "pk": 183, "fields": {"description": null, "actor_content_type": 4, "timestamp": "2015-10-27T09:20:32.571Z", "actor_object_id": "1", "action_object_object_id": null, "public": true, "unread": false, "recipient": 1, "emailed": false, "action_object_content_type": null, "level": "warning", "target_content_type": null, "verb": "Smith, Morty's abdominal_pain_level is 5", "data": null, "target_object_id": null, "deleted": false}}, {"model": "notifications.notification", "pk": 184, "fields": {"description": null, "actor_content_type": 4, "timestamp": "2015-10-27T09:20:32.576Z", "actor_object_id": "1", "action_object_object_id": null, "public": true, "unread": false, "recipient": 1, "emailed": false, "action_object_content_type": null, "level": "warning", "target_content_type": null, "verb": "Smith, Morty's sleepiness_level is 5", "data": null, "target_object_id": null, "deleted": false}}, {"model": "notifications.notification", "pk": 185, "fields": {"description": null, "actor_content_type": 4, "timestamp": "2015-10-27T09:20:32.580Z", "actor_object_id": "1", "action_object_object_id": null, "public": true, "unread": false, "recipient": 1, "emailed": false, "action_object_content_type": null, "level": "warning", "target_content_type": null, "verb": "Smith, Morty's nausea_level is 5", "data": null, "target_object_id": null, "deleted": false}}, {"model": "notifications.notification", "pk": 186, "fields": {"description": null, "actor_content_type": 4, "timestamp": "2015-10-27T09:20:32.583Z", "actor_object_id": "1", "action_object_object_id": null, "public": true, "unread": false, "recipient": 1, "emailed": false, "action_object_content_type": null, "level": "warning", "target_content_type": null, "verb": "Smith, Morty's headache_level is 5", "data": null, "target_object_id": null, "deleted": false}}, {"model": "notifications.notification", "pk": 187, "fields": {"description": null, "actor_content_type": 4, "timestamp": "2015-10-31T07:32:57.978Z", "actor_object_id": "1", "action_object_object_id": null, "public": true, "unread": true, "recipient": 1, "emailed": false, "action_object_content_type": null, "level": "warning", "target_content_type": null, "verb": "Sanchez, Rick's nausea_level is 5", "data": null, "target_object_id": null, "deleted": false}}, {"model": "notifications.notification", "pk": 188, "fields": {"description": null, "actor_content_type": 4, "timestamp": "2015-10-31T07:32:57.983Z", "actor_object_id": "1", "action_object_object_id": null, "public": true, "unread": true, "recipient": 1, "emailed": false, "action_object_content_type": null, "level": "warning", "target_content_type": null, "verb": "Sanchez, Rick's abdominal_pain_level is 5", "data": null, "target_object_id": null, "deleted": false}}, {"model": "notifications.notification", "pk": 189, "fields": {"description": null, "actor_content_type": 4, "timestamp": "2015-10-31T07:32:57.988Z", "actor_object_id": "1", "action_object_object_id": null, "public": true, "unread": true, "recipient": 1, "emailed": false, "action_object_content_type": null, "level": "warning", "target_content_type": null, "verb": "Sanchez, Rick's insomnia_level is 5", "data": null, "target_object_id": null, "deleted": false}}, {"model": "notifications.notification", "pk": 190, "fields": {"description": null, "actor_content_type": 4, "timestamp": "2015-10-31T07:32:57.993Z", "actor_object_id": "1", "action_object_object_id": null, "public": true, "unread": false, "recipient": 1, "emailed": false, "action_object_content_type": null, "level": "warning", "target_content_type": null, "verb": "Sanchez, Rick's headache_level is 5", "data": null, "target_object_id": null, "deleted": false}}, {"model": "notifications.notification", "pk": 191, "fields": {"description": null, "actor_content_type": 4, "timestamp": "2015-10-31T07:32:58.001Z", "actor_object_id": "1", "action_object_object_id": null, "public": true, "unread": false, "recipient": 1, "emailed": false, "action_object_content_type": null, "level": "warning", "target_content_type": null, "verb": "Sanchez, Rick's sleepiness_level is 5", "data": null, "target_object_id": null, "deleted": false}}, {"model": "notifications.notification", "pk": 192, "fields": {"description": null, "actor_content_type": 4, "timestamp": "2015-10-31T07:32:58.006Z", "actor_object_id": "1", "action_object_object_id": null, "public": true, "unread": false, "recipient": 1, "emailed": false, "action_object_content_type": null, "level": "warning", "target_content_type": null, "verb": "Sanchez, Rick's sore_throat_level is 5", "data": null, "target_object_id": null, "deleted": false}}, {"model": "notifications.notification", "pk": 193, "fields": {"description": null, "actor_content_type": 4, "timestamp": "2015-10-31T07:32:58.012Z", "actor_object_id": "1", "action_object_object_id": null, "public": true, "unread": false, "recipient": 1, "emailed": false, "action_object_content_type": null, "level": "warning", "target_content_type": null, "verb": "Sanchez, Rick's constipation_level is 5", "data": null, "target_object_id": null, "deleted": false}}, {"model": "notifications.notification", "pk": 194, "fields": {"description": null, "actor_content_type": 4, "timestamp": "2015-10-31T07:32:58.017Z", "actor_object_id": "1", "action_object_object_id": null, "public": true, "unread": false, "recipient": 1, "emailed": false, "action_object_content_type": null, "level": "warning", "target_content_type": null, "verb": "Sanchez, Rick's lack_of_appetite_level is 5", "data": null, "target_object_id": null, "deleted": false}}, {"model": "notifications.notification", "pk": 195, "fields": {"description": null, "actor_content_type": 4, "timestamp": "2015-10-31T07:32:58.022Z", "actor_object_id": "1", "action_object_object_id": null, "public": true, "unread": false, "recipient": 1, "emailed": false, "action_object_content_type": null, "level": "danger", "target_content_type": null, "verb": "Sanchez, Rick's health condition is urgent (Level: 40)", "data": null, "target_object_id": null, "deleted": false}}, {"model": "prescriptions.prescription", "pk": 18, "fields": {"doctor": 8, "patient": 1, "medication": 3, "date": "2015-10-26", "filled_on": null, "quantity": 2, "dosage": 60}}, {"model": "prescriptions.prescription", "pk": 34, "fields": {"doctor": 1, "patient": 9, "medication": 2, "date": "2015-10-26", "filled_on": "2015-10-26", "quantity": 30, "dosage": 3}}, {"model": "prescriptions.prescription", "pk": 35, "fields": {"doctor": 1, "patient": 9, "medication": 6, "date": "2015-10-26", "filled_on": "2015-10-27", "quantity": 30, "dosage": 60}}, {"model": "prescriptions.prescription", "pk": 36, "fields": {"doctor": 1, "patient": 9, "medication": 5, "date": "2015-10-26", "filled_on": "2015-10-27", "quantity": 30, "dosage": 500}}, {"model": "prescriptions.prescription", "pk": 37, "fields": {"doctor": 1, "patient": 9, "medication": 2, "date": "2015-10-26", "filled_on": "2015-10-26", "quantity": 30, "dosage": 300}}, {"model": "prescriptions.prescription", "pk": 38, "fields": {"doctor": 1, "patient": 9, "medication": 4, "date": "2015-10-27", "filled_on": "2015-10-27", "quantity": 30, "dosage": 30}}, {"model": "prescriptions.prescription", "pk": 39, "fields": {"doctor": 1, "patient": 11, "medication": 4, "date": "2015-10-28", "filled_on": "2015-10-28", "quantity": 30, "dosage": 20}}, {"model": "prescriptions.prescription", "pk": 40, "fields": {"doctor": 1, "patient": 9, "medication": 3, "date": "2015-10-30", "filled_on": null, "quantity": 30, "dosage": 20}}, {"model": "prescriptions.prescription", "pk": 41, "fields": {"doctor": 1, "patient": 9, "medication": 2, "date": "2015-10-31", "filled_on": null, "quantity": 30, "dosage": 30}}, {"model": "labreports.labreport", "pk": 9, "fields": {"doctor": 1, "request_date": "2015-10-31", "doctor_notes": "Enjoy!", "patient": 9, "results": null, "status": "r", "update_date": null, "lab_test": 3, "lab_technician": null}}, {"model": "records.record", "pk": 1, "fields": {"doctor": 11, "resolved": true, "patient": 9, "date_created": "2015-11-02T00:13:29Z", "notes": "Lorem ipsum dolor sit amet, consectetur adipiscing elit. Suspendisse maximus nulla a tempor molestie. Morbi sed nibh porta, porta magna vitae, sodales odio. Donec condimentum felis massa, quis condimentum magna fermentum ultrices. Suspendisse nulla felis, congue vel mauris quis, tincidunt tincidunt purus. Praesent in sodales mi, non elementum erat. Aenean ultrices tempor dui, eget laoreet nisl malesuada ac. Proin lobortis orci ac ex ornare egestas. Sed aliquet laoreet rhoncus. Suspendisse eu risus at erat aliquet egestas. Morbi sit amet quam euismod, imperdiet quam eu, rhoncus tortor. Morbi ante augue, mollis vel bibendum sit amet, tristique nec libero. Fusce ut nulla sagittis, interdum ipsum vitae, posuere eros. Aenean iaculis egestas eros pretium tincidunt.\r\n\r\nEtiam tristique mi nec nisi viverra consectetur. Sed efficitur nisl id lacus interdum vestibulum. Phasellus congue id lacus vitae gravida. Nulla vel commodo purus, et dignissim magna. Cras eu pellentesque sem. Maecenas sed dui ut est luctus elementum at ac eros. Donec quis sapien eu diam fermentum aliquam. Integer pharetra commodo magna, luctus accumsan sapien egestas sit amet. Proin nec leo consequat, elementum ipsum rutrum, aliquet velit. Phasellus tincidunt tellus lectus, eu ullamcorper quam aliquet ac. Suspendisse metus magna, blandit et cursus a, rhoncus blandit mauris. Nam at lacus a nunc gravida rhoncus volutpat eu elit. Curabitur a elementum odio, vel sollicitudin quam.\r\n\r\nAenean imperdiet sem faucibus ligula pulvinar, vitae porta orci rhoncus. Vivamus turpis urna, rutrum at molestie quis, mollis in nunc. Morbi pulvinar nec lacus ut dignissim. Quisque blandit finibus lacus eu gravida. Aenean lacinia ex vel dui cursus, vitae mattis ligula dignissim. Duis lorem neque, semper et leo porttitor, tristique tristique ex. Nam et justo ex. Donec mollis malesuada leo, in vulputate tellus fermentum viverra. Praesent viverra magna sed felis laoreet dictum. Fusce semper elit eu auctor porta.", "health_condition": 6}}, {"model": "records.record", "pk": 2, "fields": {"doctor": 11, "resolved": false, "patient": 9, "date_created": "2015-11-02T01:34:01Z", "notes": "This guy is really sick.", "health_condition": 10}}, {"model": "records.record", "pk": 3, "fields": {"doctor": 1, "resolved": true, "patient": 9, "date_created": "2015-11-02T02:54:19.431Z", "notes": "This is a test", "health_condition": 10}}, {"model": "records.record", "pk": 4, "fields": {"doctor": 1, "resolved": false, "patient": 9, "date_created": "2015-11-02T02:57:12.058Z", "notes": "", "health_condition": 6}}, {"model": "records.record", "pk": 5, "fields": {"doctor": 1, "resolved": true, "patient": 9, "date_created": "2015-11-02T02:57:24Z", "notes": "This is a test", "health_condition": 6}}, {"model": "admin.logentry", "pk": 1, "fields": {"action_flag": 1, "object_id": "2", "change_message": "", "content_type": 4, "action_time": "2015-10-11T19:54:48.627Z", "user": 1, "object_repr": "Shreyas"}}, {"model": "admin.logentry", "pk": 2, "fields": {"action_flag": 2, "object_id": "2", "change_message": "Changed first_name, last_name and is_staff.", "content_type": 4, "action_time": "2015-10-11T19:55:10.403Z", "user": 1, "object_repr": "Shreyas"}}, {"model": "admin.logentry", "pk": 3, "fields": {"action_flag": 1, "object_id": "3", "change_message": "", "content_type": 4, "action_time": "2015-10-11T19:55:25.170Z", "user": 1, "object_repr": "Tik"}}, {"model": "admin.logentry", "pk": 4, "fields": {"action_flag": 2, "object_id": "3", "change_message": "Changed first_name and last_name.", "content_type": 4, "action_time": "2015-10-11T19:55:35.121Z", "user": 1, "object_repr": "Tik"}}, {"model": "admin.logentry", "pk": 5, "fields": {"action_flag": 2, "object_id": "3", "change_message": "No fields changed.", "content_type": 4, "action_time": "2015-10-11T19:55:38.032Z", "user": 1, "object_repr": "Tik"}}, {"model": "admin.logentry", "pk": 6, "fields": {"action_flag": 1, "object_id": "4", "change_message": "", "content_type": 4, "action_time": "2015-10-11T19:55:50.145Z", "user": 1, "object_repr": "Ming"}}, {"model": "admin.logentry", "pk": 7, "fields": {"action_flag": 2, "object_id": "4", "change_message": "Changed first_name, last_name and is_staff.", "content_type": 4, "action_time": "2015-10-11T19:56:00.288Z", "user": 1, "object_repr": "Ming"}}, {"model": "admin.logentry", "pk": 8, "fields": {"action_flag": 1, "object_id": "5", "change_message": "", "content_type": 4, "action_time": "2015-10-11T19:56:08.282Z", "user": 1, "object_repr": "John"}}, {"model": "admin.logentry", "pk": 9, "fields": {"action_flag": 2, "object_id": "5", "change_message": "Changed username, first_name, last_name and is_staff.", "content_type": 4, "action_time": "2015-10-11T19:56:28.432Z", "user": 1, "object_repr": "Josh"}}, {"model": "admin.logentry", "pk": 10, "fields": {"action_flag": 1, "object_id": "6", "change_message": "", "content_type": 4, "action_time": "2015-10-11T19:56:36.513Z", "user": 1, "object_repr": "Kai"}}, {"model": "admin.logentry", "pk": 11, "fields": {"action_flag": 2, "object_id": "6", "change_message": "Changed first_name, last_name and is_staff.", "content_type": 4, "action_time": "2015-10-11T19:56:49.841Z", "user": 1, "object_repr": "Kai"}}, {"model": "admin.logentry", "pk": 12, "fields": {"action_flag": 1, "object_id": "7", "change_message": "", "content_type": 4, "action_time": "2015-10-11T19:56:58.804Z", "user": 1, "object_repr": "Bill"}}, {"model": "admin.logentry", "pk": 13, "fields": {"action_flag": 2, "object_id": "7", "change_message": "Changed first_name and last_name.", "content_type": 4, "action_time": "2015-10-11T19:57:23.833Z", "user": 1, "object_repr": "Bill"}}, {"model": "admin.logentry", "pk": 14, "fields": {"action_flag": 1, "object_id": "8", "change_message": "", "content_type": 4, "action_time": "2015-10-11T19:57:32.881Z", "user": 1, "object_repr": "Naser"}}, {"model": "admin.logentry", "pk": 15, "fields": {"action_flag": 2, "object_id": "8", "change_message": "Changed first_name and last_name.", "content_type": 4, "action_time": "2015-10-11T19:57:57.095Z", "user": 1, "object_repr": "Naser"}}, {"model": "admin.logentry", "pk": 16, "fields": {"action_flag": 1, "object_id": "9", "change_message": "", "content_type": 4, "action_time": "2015-10-11T19:58:36.984Z", "user": 1, "object_repr": "Abdulmajeed"}}, {"model": "admin.logentry", "pk": 17, "fields": {"action_flag": 2, "object_id": "9", "change_message": "Changed first_name, last_name and is_staff.", "content_type": 4, "action_time": "2015-10-11T19:58:50.918Z", "user": 1, "object_repr": "Abdulmajeed"}}, {"model": "admin.logentry", "pk": 18, "fields": {"action_flag": 1, "object_id": "10", "change_message": "", "content_type": 4, "action_time": "2015-10-11T19:59:15.385Z", "user": 1, "object_repr": "Gabe"}}, {"model": "admin.logentry", "pk": 19, "fields": {"action_flag": 2, "object_id": "10", "change_message": "Changed first_name, last_name and is_staff.", "content_type": 4, "action_time": "2015-10-11T19:59:32.454Z", "user": 1, "object_repr": "Gabe"}}, {"model": "admin.logentry", "pk": 20, "fields": {"action_flag": 1, "object_id": "11", "change_message": "", "content_type": 4, "action_time": "2015-10-11T20:00:07.752Z", "user": 1, "object_repr": "Andy"}}, {"model": "admin.logentry", "pk": 21, "fields": {"action_flag": 2, "object_id": "11", "change_message": "Changed first_name, last_name and is_staff.", "content_type": 4, "action_time": "2015-10-11T20:00:20.255Z", "user": 1, "object_repr": "Andy"}}, {"model": "admin.logentry", "pk": 22, "fields": {"action_flag": 2, "object_id": "1", "change_message": "Changed doctors.", "content_type": 13, "action_time": "2015-10-11T20:00:57.031Z", "user": 1, "object_repr": "condition_1"}}, {"model": "admin.logentry", "pk": 23, "fields": {"action_flag": 2, "object_id": "2", "change_message": "Changed doctors.", "content_type": 13, "action_time": "2015-10-11T20:01:13.087Z", "user": 1, "object_repr": "condition_2"}}, {"model": "admin.logentry", "pk": 24, "fields": {"action_flag": 2, "object_id": "3", "change_message": "Changed doctors.", "content_type": 13, "action_time": "2015-10-11T20:01:31.695Z", "user": 1, "object_repr": "condition_3"}}, {"model": "admin.logentry", "pk": 25, "fields": {"action_flag": 2, "object_id": "3", "change_message": "No fields changed.", "content_type": 13, "action_time": "2015-10-11T20:01:34.779Z", "user": 1, "object_repr": "condition_3"}}, {"model": "admin.logentry", "pk": 26, "fields": {"action_flag": 2, "object_id": "4", "change_message": "Changed doctors.", "content_type": 13, "action_time": "2015-10-11T20:02:10.838Z", "user": 1, "object_repr": "condition_4"}}, {"model": "admin.logentry", "pk": 27, "fields": {"action_flag": 2, "object_id": "5", "change_message": "Changed doctors.", "content_type": 13, "action_time": "2015-10-11T20:02:17.671Z", "user": 1, "object_repr": "condition_5"}}, {"model": "admin.logentry", "pk": 28, "fields": {"action_flag": 2, "object_id": "6", "change_message": "Changed doctors.", "content_type": 13, "action_time": "2015-10-11T20:02:37.632Z", "user": 1, "object_repr": "condition_6"}}, {"model": "admin.logentry", "pk": 29, "fields": {"action_flag": 2, "object_id": "7", "change_message": "Changed doctors.", "content_type": 13, "action_time": "2015-10-11T20:02:56.863Z", "user": 1, "object_repr": "condition_7"}}, {"model": "admin.logentry", "pk": 30, "fields": {"action_flag": 2, "object_id": "8", "change_message": "Changed doctors.", "content_type": 13, "action_time": "2015-10-11T20:03:03.646Z", "user": 1, "object_repr": "condition_8"}}, {"model": "admin.logentry", "pk": 31, "fields": {"action_flag": 2, "object_id": "9", "change_message": "Changed doctors.", "content_type": 13, "action_time": "2015-10-11T20:03:27.901Z", "user": 1, "object_repr": "condition_9"}}, {"model": "admin.logentry", "pk": 32, "fields": {"action_flag": 2, "object_id": "10", "change_message": "Changed doctors.", "content_type": 13, "action_time": "2015-10-11T20:03:35.934Z", "user": 1, "object_repr": "condition_10"}}, {"model": "admin.logentry", "pk": 33, "fields": {"action_flag": 1, "object_id": "1", "change_message": "", "content_type": 15, "action_time": "2015-10-19T00:02:54.359Z", "user": 1, "object_repr": "Notification object"}}, {"model": "admin.logentry", "pk": 34, "fields": {"action_flag": 3, "object_id": "9", "change_message": "", "content_type": 15, "action_time": "2015-10-19T00:19:26.746Z", "user": 1, "object_repr": "Notification object"}}, {"model": "admin.logentry", "pk": 35, "fields": {"action_flag": 3, "object_id": "8", "change_message": "", "content_type": 15, "action_time": "2015-10-19T00:19:26.751Z", "user": 1, "object_repr": "Notification object"}}, {"model": "admin.logentry", "pk": 36, "fields": {"action_flag": 3, "object_id": "7", "change_message": "", "content_type": 15, "action_time": "2015-10-19T00:19:26.754Z", "user": 1, "object_repr": "Notification object"}}, {"model": "admin.logentry", "pk": 37, "fields": {"action_flag": 3, "object_id": "6", "change_message": "", "content_type": 15, "action_time": "2015-10-19T00:19:26.757Z", "user": 1, "object_repr": "Notification object"}}, {"model": "admin.logentry", "pk": 38, "fields": {"action_flag": 3, "object_id": "5", "change_message": "", "content_type": 15, "action_time": "2015-10-19T00:19:26.760Z", "user": 1, "object_repr": "Notification object"}}, {"model": "admin.logentry", "pk": 39, "fields": {"action_flag": 3, "object_id": "4", "change_message": "", "content_type": 15, "action_time": "2015-10-19T00:19:26.763Z", "user": 1, "object_repr": "Notification object"}}, {"model": "admin.logentry", "pk": 40, "fields": {"action_flag": 3, "object_id": "3", "change_message": "", "content_type": 15, "action_time": "2015-10-19T00:19:26.767Z", "user": 1, "object_repr": "Notification object"}}, {"model": "admin.logentry", "pk": 41, "fields": {"action_flag": 3, "object_id": "2", "change_message": "", "content_type": 15, "action_time": "2015-10-19T00:19:26.770Z", "user": 1, "object_repr": "Notification object"}}, {"model": "admin.logentry", "pk": 42, "fields": {"action_flag": 3, "object_id": "1", "change_message": "", "content_type": 15, "action_time": "2015-10-19T00:19:26.773Z", "user": 1, "object_repr": "Notification object"}}, {"model": "admin.logentry", "pk": 43, "fields": {"action_flag": 3, "object_id": "69", "change_message": "", "content_type": 15, "action_time": "2015-10-19T00:55:47.068Z", "user": 1, "object_repr": "Notification object"}}, {"model": "admin.logentry", "pk": 44, "fields": {"action_flag": 3, "object_id": "68", "change_message": "", "content_type": 15, "action_time": "2015-10-19T00:55:47.080Z", "user": 1, "object_repr": "Notification object"}}, {"model": "admin.logentry", "pk": 45, "fields": {"action_flag": 3, "object_id": "67", "change_message": "", "content_type": 15, "action_time": "2015-10-19T00:55:47.084Z", "user": 1, "object_repr": "Notification object"}}, {"model": "admin.logentry", "pk": 46, "fields": {"action_flag": 3, "object_id": "66", "change_message": "", "content_type": 15, "action_time": "2015-10-19T00:55:47.088Z", "user": 1, "object_repr": "Notification object"}}, {"model": "admin.logentry", "pk": 47, "fields": {"action_flag": 3, "object_id": "65", "change_message": "", "content_type": 15, "action_time": "2015-10-19T00:55:47.091Z", "user": 1, "object_repr": "Notification object"}}, {"model": "admin.logentry", "pk": 48, "fields": {"action_flag": 3, "object_id": "64", "change_message": "", "content_type": 15, "action_time": "2015-10-19T00:55:47.094Z", "user": 1, "object_repr": "Notification object"}}, {"model": "admin.logentry", "pk": 49, "fields": {"action_flag": 3, "object_id": "63", "change_message": "", "content_type": 15, "action_time": "2015-10-19T00:55:47.097Z", "user": 1, "object_repr": "Notification object"}}, {"model": "admin.logentry", "pk": 50, "fields": {"action_flag": 3, "object_id": "62", "change_message": "", "content_type": 15, "action_time": "2015-10-19T00:55:47.100Z", "user": 1, "object_repr": "Notification object"}}, {"model": "admin.logentry", "pk": 51, "fields": {"action_flag": 3, "object_id": "61", "change_message": "", "content_type": 15, "action_time": "2015-10-19T00:55:47.104Z", "user": 1, "object_repr": "Notification object"}}, {"model": "admin.logentry", "pk": 52, "fields": {"action_flag": 3, "object_id": "60", "change_message": "", "content_type": 15, "action_time": "2015-10-19T00:55:47.107Z", "user": 1, "object_repr": "Notification object"}}, {"model": "admin.logentry", "pk": 53, "fields": {"action_flag": 3, "object_id": "59", "change_message": "", "content_type": 15, "action_time": "2015-10-19T00:55:47.110Z", "user": 1, "object_repr": "Notification object"}}, {"model": "admin.logentry", "pk": 54, "fields": {"action_flag": 3, "object_id": "58", "change_message": "", "content_type": 15, "action_time": "2015-10-19T00:55:47.114Z", "user": 1, "object_repr": "Notification object"}}, {"model": "admin.logentry", "pk": 55, "fields": {"action_flag": 3, "object_id": "57", "change_message": "", "content_type": 15, "action_time": "2015-10-19T00:55:47.117Z", "user": 1, "object_repr": "Notification object"}}, {"model": "admin.logentry", "pk": 56, "fields": {"action_flag": 3, "object_id": "56", "change_message": "", "content_type": 15, "action_time": "2015-10-19T00:55:47.120Z", "user": 1, "object_repr": "Notification object"}}, {"model": "admin.logentry", "pk": 57, "fields": {"action_flag": 3, "object_id": "55", "change_message": "", "content_type": 15, "action_time": "2015-10-19T00:55:47.123Z", "user": 1, "object_repr": "Notification object"}}, {"model": "admin.logentry", "pk": 58, "fields": {"action_flag": 3, "object_id": "54", "change_message": "", "content_type": 15, "action_time": "2015-10-19T00:55:47.127Z", "user": 1, "object_repr": "Notification object"}}, {"model": "admin.logentry", "pk": 59, "fields": {"action_flag": 3, "object_id": "53", "change_message": "", "content_type": 15, "action_time": "2015-10-19T00:55:47.131Z", "user": 1, "object_repr": "Notification object"}}, {"model": "admin.logentry", "pk": 60, "fields": {"action_flag": 3, "object_id": "52", "change_message": "", "content_type": 15, "action_time": "2015-10-19T00:55:47.135Z", "user": 1, "object_repr": "Notification object"}}, {"model": "admin.logentry", "pk": 61, "fields": {"action_flag": 3, "object_id": "51", "change_message": "", "content_type": 15, "action_time": "2015-10-19T00:55:47.139Z", "user": 1, "object_repr": "Notification object"}}, {"model": "admin.logentry", "pk": 62, "fields": {"action_flag": 3, "object_id": "50", "change_message": "", "content_type": 15, "action_time": "2015-10-19T00:55:47.142Z", "user": 1, "object_repr": "Notification object"}}, {"model": "admin.logentry", "pk": 63, "fields": {"action_flag": 3, "object_id": "49", "change_message": "", "content_type": 15, "action_time": "2015-10-19T00:55:47.146Z", "user": 1, "object_repr": "Notification object"}}, {"model": "admin.logentry", "pk": 64, "fields": {"action_flag": 3, "object_id": "48", "change_message": "", "content_type": 15, "action_time": "2015-10-19T00:55:47.149Z", "user": 1, "object_repr": "Notification object"}}, {"model": "admin.logentry", "pk": 65, "fields": {"action_flag": 3, "object_id": "47", "change_message": "", "content_type": 15, "action_time": "2015-10-19T00:55:47.153Z", "user": 1, "object_repr": "Notification object"}}, {"model": "admin.logentry", "pk": 66, "fields": {"action_flag": 3, "object_id": "46", "change_message": "", "content_type": 15, "action_time": "2015-10-19T00:55:47.156Z", "user": 1, "object_repr": "Notification object"}}, {"model": "admin.logentry", "pk": 67, "fields": {"action_flag": 3, "object_id": "45", "change_message": "", "content_type": 15, "action_time": "2015-10-19T00:55:47.160Z", "user": 1, "object_repr": "Notification object"}}, {"model": "admin.logentry", "pk": 68, "fields": {"action_flag": 3, "object_id": "44", "change_message": "", "content_type": 15, "action_time": "2015-10-19T00:55:47.163Z", "user": 1, "object_repr": "Notification object"}}, {"model": "admin.logentry", "pk": 69, "fields": {"action_flag": 3, "object_id": "43", "change_message": "", "content_type": 15, "action_time": "2015-10-19T00:55:47.167Z", "user": 1, "object_repr": "Notification object"}}, {"model": "admin.logentry", "pk": 70, "fields": {"action_flag": 3, "object_id": "42", "change_message": "", "content_type": 15, "action_time": "2015-10-19T00:55:47.170Z", "user": 1, "object_repr": "Notification object"}}, {"model": "admin.logentry", "pk": 71, "fields": {"action_flag": 3, "object_id": "41", "change_message": "", "content_type": 15, "action_time": "2015-10-19T00:55:47.173Z", "user": 1, "object_repr": "Notification object"}}, {"model": "admin.logentry", "pk": 72, "fields": {"action_flag": 3, "object_id": "40", "change_message": "", "content_type": 15, "action_time": "2015-10-19T00:55:47.177Z", "user": 1, "object_repr": "Notification object"}}, {"model": "admin.logentry", "pk": 73, "fields": {"action_flag": 3, "object_id": "39", "change_message": "", "content_type": 15, "action_time": "2015-10-19T00:55:47.181Z", "user": 1, "object_repr": "Notification object"}}, {"model": "admin.logentry", "pk": 74, "fields": {"action_flag": 3, "object_id": "38", "change_message": "", "content_type": 15, "action_time": "2015-10-19T00:55:47.184Z", "user": 1, "object_repr": "Notification object"}}, {"model": "admin.logentry", "pk": 75, "fields": {"action_flag": 3, "object_id": "37", "change_message": "", "content_type": 15, "action_time": "2015-10-19T00:55:47.188Z", "user": 1, "object_repr": "Notification object"}}, {"model": "admin.logentry", "pk": 76, "fields": {"action_flag": 3, "object_id": "36", "change_message": "", "content_type": 15, "action_time": "2015-10-19T00:55:47.191Z", "user": 1, "object_repr": "Notification object"}}, {"model": "admin.logentry", "pk": 77, "fields": {"action_flag": 3, "object_id": "35", "change_message": "", "content_type": 15, "action_time": "2015-10-19T00:55:47.195Z", "user": 1, "object_repr": "Notification object"}}, {"model": "admin.logentry", "pk": 78, "fields": {"action_flag": 3, "object_id": "34", "change_message": "", "content_type": 15, "action_time": "2015-10-19T00:55:47.199Z", "user": 1, "object_repr": "Notification object"}}, {"model": "admin.logentry", "pk": 79, "fields": {"action_flag": 3, "object_id": "33", "change_message": "", "content_type": 15, "action_time": "2015-10-19T00:55:47.203Z", "user": 1, "object_repr": "Notification object"}}, {"model": "admin.logentry", "pk": 80, "fields": {"action_flag": 3, "object_id": "32", "change_message": "", "content_type": 15, "action_time": "2015-10-19T00:55:47.207Z", "user": 1, "object_repr": "Notification object"}}, {"model": "admin.logentry", "pk": 81, "fields": {"action_flag": 3, "object_id": "31", "change_message": "", "content_type": 15, "action_time": "2015-10-19T00:55:47.211Z", "user": 1, "object_repr": "Notification object"}}, {"model": "admin.logentry", "pk": 82, "fields": {"action_flag": 3, "object_id": "30", "change_message": "", "content_type": 15, "action_time": "2015-10-19T00:55:47.214Z", "user": 1, "object_repr": "Notification object"}}, {"model": "admin.logentry", "pk": 83, "fields": {"action_flag": 3, "object_id": "29", "change_message": "", "content_type": 15, "action_time": "2015-10-19T00:55:47.217Z", "user": 1, "object_repr": "Notification object"}}, {"model": "admin.logentry", "pk": 84, "fields": {"action_flag": 3, "object_id": "28", "change_message": "", "content_type": 15, "action_time": "2015-10-19T00:55:47.222Z", "user": 1, "object_repr": "Notification object"}}, {"model": "admin.logentry", "pk": 85, "fields": {"action_flag": 3, "object_id": "27", "change_message": "", "content_type": 15, "action_time": "2015-10-19T00:55:47.225Z", "user": 1, "object_repr": "Notification object"}}, {"model": "admin.logentry", "pk": 86, "fields": {"action_flag": 3, "object_id": "26", "change_message": "", "content_type": 15, "action_time": "2015-10-19T00:55:47.229Z", "user": 1, "object_repr": "Notification object"}}, {"model": "admin.logentry", "pk": 87, "fields": {"action_flag": 3, "object_id": "25", "change_message": "", "content_type": 15, "action_time": "2015-10-19T00:55:47.233Z", "user": 1, "object_repr": "Notification object"}}, {"model": "admin.logentry", "pk": 88, "fields": {"action_flag": 3, "object_id": "24", "change_message": "", "content_type": 15, "action_time": "2015-10-19T00:55:47.236Z", "user": 1, "object_repr": "Notification object"}}, {"model": "admin.logentry", "pk": 89, "fields": {"action_flag": 3, "object_id": "23", "change_message": "", "content_type": 15, "action_time": "2015-10-19T00:55:47.241Z", "user": 1, "object_repr": "Notification object"}}, {"model": "admin.logentry", "pk": 90, "fields": {"action_flag": 3, "object_id": "22", "change_message": "", "content_type": 15, "action_time": "2015-10-19T00:55:47.244Z", "user": 1, "object_repr": "Notification object"}}, {"model": "admin.logentry", "pk": 91, "fields": {"action_flag": 3, "object_id": "21", "change_message": "", "content_type": 15, "action_time": "2015-10-19T00:55:47.248Z", "user": 1, "object_repr": "Notification object"}}, {"model": "admin.logentry", "pk": 92, "fields": {"action_flag": 3, "object_id": "20", "change_message": "", "content_type": 15, "action_time": "2015-10-19T00:55:47.252Z", "user": 1, "object_repr": "Notification object"}}, {"model": "admin.logentry", "pk": 93, "fields": {"action_flag": 3, "object_id": "19", "change_message": "", "content_type": 15, "action_time": "2015-10-19T00:55:47.257Z", "user": 1, "object_repr": "Notification object"}}, {"model": "admin.logentry", "pk": 94, "fields": {"action_flag": 3, "object_id": "18", "change_message": "", "content_type": 15, "action_time": "2015-10-19T00:55:47.260Z", "user": 1, "object_repr": "Notification object"}}, {"model": "admin.logentry", "pk": 95, "fields": {"action_flag": 3, "object_id": "17", "change_message": "", "content_type": 15, "action_time": "2015-10-19T00:55:47.264Z", "user": 1, "object_repr": "Notification object"}}, {"model": "admin.logentry", "pk": 96, "fields": {"action_flag": 3, "object_id": "16", "change_message": "", "content_type": 15, "action_time": "2015-10-19T00:55:47.267Z", "user": 1, "object_repr": "Notification object"}}, {"model": "admin.logentry", "pk": 97, "fields": {"action_flag": 3, "object_id": "15", "change_message": "", "content_type": 15, "action_time": "2015-10-19T00:55:47.271Z", "user": 1, "object_repr": "Notification object"}}, {"model": "admin.logentry", "pk": 98, "fields": {"action_flag": 3, "object_id": "14", "change_message": "", "content_type": 15, "action_time": "2015-10-19T00:55:47.275Z", "user": 1, "object_repr": "Notification object"}}, {"model": "admin.logentry", "pk": 99, "fields": {"action_flag": 3, "object_id": "13", "change_message": "", "content_type": 15, "action_time": "2015-10-19T00:55:47.279Z", "user": 1, "object_repr": "Notification object"}}, {"model": "admin.logentry", "pk": 100, "fields": {"action_flag": 3, "object_id": "12", "change_message": "", "content_type": 15, "action_time": "2015-10-19T00:55:47.283Z", "user": 1, "object_repr": "Notification object"}}, {"model": "admin.logentry", "pk": 101, "fields": {"action_flag": 3, "object_id": "11", "change_message": "", "content_type": 15, "action_time": "2015-10-19T00:55:47.287Z", "user": 1, "object_repr": "Notification object"}}, {"model": "admin.logentry", "pk": 102, "fields": {"action_flag": 3, "object_id": "10", "change_message": "", "content_type": 15, "action_time": "2015-10-19T00:55:47.292Z", "user": 1, "object_repr": "Notification object"}}, {"model": "admin.logentry", "pk": 103, "fields": {"action_flag": 1, "object_id": "1", "change_message": "", "content_type": 17, "action_time": "2015-10-26T02:45:52.291Z", "user": 1, "object_repr": "Hydrocodone"}}, {"model": "admin.logentry", "pk": 104, "fields": {"action_flag": 1, "object_id": "2", "change_message": "", "content_type": 17, "action_time": "2015-10-26T02:46:13.009Z", "user": 1, "object_repr": "Prilosec"}}, {"model": "admin.logentry", "pk": 105, "fields": {"action_flag": 1, "object_id": "3", "change_message": "", "content_type": 17, "action_time": "2015-10-26T02:46:26.362Z", "user": 1, "object_repr": "Amoxicillin"}}, {"model": "admin.logentry", "pk": 106, "fields": {"action_flag": 1, "object_id": "4", "change_message": "", "content_type": 17, "action_time": "2015-10-26T02:46:36.978Z", "user": 1, "object_repr": "Amphetamine Salts"}}, {"model": "admin.logentry", "pk": 107, "fields": {"action_flag": 1, "object_id": "5", "change_message": "", "content_type": 17, "action_time": "2015-10-26T02:47:40.312Z", "user": 1, "object_repr": "Zoloft"}}, {"model": "admin.logentry", "pk": 108, "fields": {"action_flag": 1, "object_id": "6", "change_message": "", "content_type": 17, "action_time": "2015-10-26T02:47:48.385Z", "user": 1, "object_repr": "Lithium"}}, {"model": "admin.logentry", "pk": 109, "fields": {"action_flag": 1, "object_id": "1", "change_message": "", "content_type": 19, "action_time": "2015-10-29T03:11:07.748Z", "user": 1, "object_repr": "Amylase"}}, {"model": "admin.logentry", "pk": 110, "fields": {"action_flag": 1, "object_id": "2", "change_message": "", "content_type": 19, "action_time": "2015-10-29T03:11:12.922Z", "user": 1, "object_repr": "ANA"}}, {"model": "admin.logentry", "pk": 111, "fields": {"action_flag": 1, "object_id": "3", "change_message": "", "content_type": 19, "action_time": "2015-10-29T03:11:21.889Z", "user": 1, "object_repr": "aPTT (PTT)"}}, {"model": "admin.logentry", "pk": 112, "fields": {"action_flag": 1, "object_id": "4", "change_message": "", "content_type": 19, "action_time": "2015-10-29T03:11:42.026Z", "user": 1, "object_repr": "Hemoglobin A1C"}}, {"model": "admin.logentry", "pk": 113, "fields": {"action_flag": 1, "object_id": "5", "change_message": "", "content_type": 19, "action_time": "2015-10-29T03:11:52.057Z", "user": 1, "object_repr": "Glycohemoglobin"}}, {"model": "admin.logentry", "pk": 114, "fields": {"action_flag": 1, "object_id": "6", "change_message": "", "content_type": 19, "action_time": "2015-10-29T03:12:08.552Z", "user": 1, "object_repr": "Basic Metabolic Panel (BMP)"}}, {"model": "admin.logentry", "pk": 115, "fields": {"action_flag": 1, "object_id": "7", "change_message": "", "content_type": 19, "action_time": "2015-10-29T03:12:19.743Z", "user": 1, "object_repr": "Complete Blood Count (CBC)"}}, {"model": "admin.logentry", "pk": 116, "fields": {"action_flag": 1, "object_id": "8", "change_message": "", "content_type": 19, "action_time": "2015-10-29T03:12:38.864Z", "user": 1, "object_repr": "Comprehensive Metabolic Panel (CMP)"}}, {"model": "admin.logentry", "pk": 117, "fields": {"action_flag": 1, "object_id": "9", "change_message": "", "content_type": 19, "action_time": "2015-10-29T03:12:47.393Z", "user": 1, "object_repr": "Electrolyte Panel"}}, {"model": "admin.logentry", "pk": 118, "fields": {"action_flag": 1, "object_id": "10", "change_message": "", "content_type": 19, "action_time": "2015-10-29T03:13:00.148Z", "user": 1, "object_repr": "Sedimentation Rate (ESR)"}}, {"model": "admin.logentry", "pk": 119, "fields": {"action_flag": 1, "object_id": "11", "change_message": "", "content_type": 19, "action_time": "2015-10-29T03:13:12.997Z", "user": 1, "object_repr": "Flu Tests"}}, {"model": "admin.logentry", "pk": 120, "fields": {"action_flag": 1, "object_id": "12", "change_message": "", "content_type": 19, "action_time": "2015-10-29T03:13:18.753Z", "user": 1, "object_repr": "Glucose"}}, {"model": "admin.logentry", "pk": 121, "fields": {"action_flag": 1, "object_id": "13", "change_message": "", "content_type": 19, "action_time": "2015-10-29T03:13:23.156Z", "user": 1, "object_repr": "hCG"}}, {"model": "admin.logentry", "pk": 122, "fields": {"action_flag": 1, "object_id": "14", "change_message": "", "content_type": 19, "action_time": "2015-10-29T03:13:28.115Z", "user": 1, "object_repr": "HIV Antibody"}}, {"model": "admin.logentry", "pk": 123, "fields": {"action_flag": 1, "object_id": "15", "change_message": "", "content_type": 19, "action_time": "2015-10-29T03:13:37.954Z", "user": 1, "object_repr": "Lipid Profile"}}, {"model": "admin.logentry", "pk": 124, "fields": {"action_flag": 1, "object_id": "16", "change_message": "", "content_type": 19, "action_time": "2015-10-29T03:13:50.237Z", "user": 1, "object_repr": "Liver Function Panel"}}, {"model": "admin.logentry", "pk": 125, "fields": {"action_flag": 1, "object_id": "17", "change_message": "", "content_type": 19, "action_time": "2015-10-29T03:14:00.164Z", "user": 1, "object_repr": "Lyme Disease"}}, {"model": "admin.logentry", "pk": 126, "fields": {"action_flag": 1, "object_id": "18", "change_message": "", "content_type": 19, "action_time": "2015-10-29T03:14:05.467Z", "user": 1, "object_repr": "Microalbumin"}}, {"model": "admin.logentry", "pk": 127, "fields": {"action_flag": 1, "object_id": "19", "change_message": "", "content_type": 19, "action_time": "2015-10-29T03:14:09.253Z", "user": 1, "object_repr": "Mono"}}, {"model": "admin.logentry", "pk": 128, "fields": {"action_flag": 1, "object_id": "20", "change_message": "", "content_type": 19, "action_time": "2015-10-29T03:14:16.068Z", "user": 1, "object_repr": "Pap Smear"}}, {"model": "admin.logentry", "pk": 129, "fields": {"action_flag": 1, "object_id": "21", "change_message": "", "content_type": 19, "action_time": "2015-10-29T03:14:29.792Z", "user": 1, "object_repr": "Prostate Specific Antigen (PSA)"}}, {"model": "admin.logentry", "pk": 130, "fields": {"action_flag": 1, "object_id": "22", "change_message": "", "content_type": 19, "action_time": "2015-10-29T03:14:39.263Z", "user": 1, "object_repr": "Protime (PT)"}}, {"model": "admin.logentry", "pk": 131, "fields": {"action_flag": 1, "object_id": "23", "change_message": "", "content_type": 19, "action_time": "2015-10-29T03:14:59.695Z", "user": 1, "object_repr": "Thyroid Stimulating Hormone (TSH)"}}, {"model": "admin.logentry", "pk": 132, "fields": {"action_flag": 1, "object_id": "24", "change_message": "", "content_type": 19, "action_time": "2015-10-29T03:15:15.111Z", "user": 1, "object_repr": "Thyroxine (T4)"}}, {"model": "admin.logentry", "pk": 133, "fields": {"action_flag": 1, "object_id": "25", "change_message": "", "content_type": 19, "action_time": "2015-10-29T03:15:23.631Z", "user": 1, "object_repr": "Uric Acid"}}, {"model": "admin.logentry", "pk": 134, "fields": {"action_flag": 1, "object_id": "26", "change_message": "", "content_type": 19, "action_time": "2015-10-29T03:15:28.830Z", "user": 1, "object_repr": "Urinalysis"}}, {"model": "admin.logentry", "pk": 135, "fields": {"action_flag": 1, "object_id": "1", "change_message": "", "content_type": 20, "action_time": "2015-10-29T03:17:48.673Z", "user": 1, "object_repr": "Sanchez, Rick"}}, {"model": "admin.logentry", "pk": 136, "fields": {"action_flag": 2, "object_id": "3", "change_message": "Changed results.", "content_type": 20, "action_time": "2015-10-30T22:47:15.055Z", "user": 1, "object_repr": "lab_report_3"}}, {"model": "admin.logentry", "pk": 137, "fields": {"action_flag": 1, "object_id": "1", "change_message": "", "content_type": 21, "action_time": "2015-11-02T00:14:29.023Z", "user": 1, "object_repr": "1"}}, {"model": "admin.logentry", "pk": 138, "fields": {"action_flag": 2, "object_id": "1", "change_message": "Changed notes.", "content_type": 21, "action_time": "2015-11-02T00:22:18.220Z", "user": 1, "object_repr": "1"}}, {"model": "admin.logentry", "pk": 139, "fields": {"action_flag": 2, "object_id": "1", "change_message": "Changed resolved.", "content_type": 21, "action_time": "2015-11-02T00:36:47.678Z", "user": 1, "object_repr": "1"}}, {"model": "admin.logentry", "pk": 140, "fields": {"action_flag": 1, "object_id": "2", "change_message": "", "content_type": 21, "action_time": "2015-11-02T01:34:14.137Z", "user": 1, "object_repr": "2"}}]